,topic_id,prompt,comment
0,APPSTD00100,APPSTD00100 กลุ่มข้อผิดพลาดด้านเทคนิค,ตรวจสอบ User Name และ Password  ตัวพิมพ์เล็ก พิมพ์ใหญ่ต่าง ๆ ต้องเหมือนกับที่สำนักงาน  คปภ. กำหนด
1,APPSTD00200,APPSTD00200 กลุ่มข้อผิดพลาดด้านเทคนิค,ตรวจสอบเวอร์ณชั่นของเอกกสารที่นำส่ง กรณีส่งช่องทาง Upload ตรวจสอบกับชื่อไฟล์ /กรณีส่งช่องทาง Web Service ตรวจสอบกับ  Tag StructureInfo
2,APPSTD01000,APPSTD01000 กลุ่มข้อผิดพลาดด้านเทคนิค,เฉพาะกรณีส่งช่องทาง Web Service ตรวจสอบ  Paremeter  ต้องส่งมาครบถ้วนตามที่ระบบต้องการ
3,APPSTD01100,APPSTD01100 กลุ่มข้อผิดพลาดด้านเทคนิค,ระบบมีข้อผิดพลาดกรุณาติดต่อผู้ดูแลระบบ
4,APPSTD01200,APPSTD01200 กลุ่มข้อผิดพลาดด้านเทคนิค,กรณีส่งช่องทาง Upload ตรวจสอบกับชื่อไฟล์ /กรณีส่งช่องทาง Web Service ตรวจสอบกับ  Tag StructureInfo เป็นไปตามที่ สำนักงาน คปภ.กำหนด
5,APPSTD01600,APPSTD01600 กลุ่มข้อผิดพลาดด้านเทคนิค,กรณีส่งช่องทาง Upload ตรวจสอบกับชื่อไฟล์ /กรณีส่งช่องทาง Web Service ตรวจสอบกับ Tag StructureInfo   นำไปค้นหากับรายการที่นำส่งสำเร็จก่อนหน้าพบว่าเคยมีการนำส่งมาก่อน  ดังนั้นต้องนำส่งไฟล์ หรือ Tag StructureInfo  ที่ยังไม่เคยมีการนำส่งมาก่อน
6,APPSTD01700,APPSTD01700 กลุ่มข้อผิดพลาดด้านเทคนิค,"ตรวจสอบกับ Transaction Status   ที่เป็น U , C   ReferenceNumber  ไม่มีการระบุค่า"
7,APPSTD01900,APPSTD01900 กลุ่มข้อผิดพลาดด้านเทคนิค,TransactionStatus Node หลักมีค่าเป็น ‘N’ แต่ Transaction Node ย่อยมีค่าอื่นที่ไม่ใช่ ‘N’ ตรวจสอบ Transaction ใน Node ย่อย ควรจะต้องมีค่าเป็น ‘N’ ตาม Node หลัก
8,APPSTD02200,APPSTD02200 กลุ่มข้อผิดพลาดด้านเทคนิค,ตรวจสอบ  XML Header  ต้องระบุค่า และเป็นไปตามข้อกำหนดของ สำนักงาน คปภ
9,APPSTD02300,APPSTD02300 กลุ่มข้อผิดพลาดด้านเทคนิค,ตรวจสอบกับ Transaction Status ห้ามเป็นค่าว่าง
10,APPSTD02400,APPSTD02400 กลุ่มข้อผิดพลาดด้านเทคนิค,ตรวจสอบกับ Transaction Status = N  ReferenceNumbers  ห้ามระบุค่า
11,APPSTD02500,APPSTD02500 กลุ่มข้อผิดพลาดด้านเทคนิค,"ตรวจสอบกับ Transaction Status   ที่เป็น U , C   ระบุReferenceNumber  จะไปตรวจสอบค่าของตีย์หลักตามโครงสร้าง ในฐานกับข้อมูล กับ ค่าที่ส่ง ถ้าไม่ตรงกัน แจ้งเป็น Error"
12,APPSTD02600,APPSTD02600 กลุ่มข้อผิดพลาดด้านเทคนิค,"TransactionStatus ไม่ใช่  N,U,C  ต้องระบุให้ถูกต้อง"
13,APPSTD02700,APPSTD02700 กลุ่มข้อผิดพลาดด้านเทคนิค,กรณีส่งช่องทาง Web Service   มีการส่งข้อมูลซ้ำกันเกิน 3 ครั้ง ตรวจสอบจากคีย์หลักที่ใช้ในการนำส่ง หรือ ทางบริษัทประกันภัยตรวจสอบวิธีการนำส่งข้อมูลอีกครั้ง
14,APPSTD02800,APPSTD02800 กลุ่มข้อผิดพลาดด้านเทคนิค,กรณีส่งช่องทาง Upload ตรวจสอบกับชื่อไฟล์ / กรณีส่งช่องทาง ตรวจสอบกับ  Tag StructureInfo  รหัสบริษัทต้องเป็นไปตามที่สำนักงาน  คปภ.กำหนด
15,APPSTD02900,APPSTD02900 กลุ่มข้อผิดพลาดด้านเทคนิค,ตรวจสอบ  Encoding  ของเนื้อไฟล์ที่นำส่ง ต้องกำหนดให้เป็น UTF-8
16,APPSTD03000,APPSTD03000 กลุ่มข้อผิดพลาดด้านเทคนิค,ตรวจสอบข้อมูลที่เป็นคีย์หลักกรณีที่เป็นค่าว่าง
17,APPSTD03100,APPSTD03100 กลุ่มข้อผิดพลาดด้านเทคนิค,ตรวจสอบ  XML Node ต้องมีการส่ง  XML Node  หลักเสมอ ห้ามขาด
18,APPSTD05100,APPSTD05100 กลุ่มข้อผิดพลาดด้านเทคนิค,XML  ไฟล์ มีปํญหา  ให้ทดสอบโดยการเปิด กับ  IE
19,APPSTD05110,APPSTD05110 กลุ่มข้อผิดพลาดด้านเทคนิค,XML  ไฟล์มีปํญหา  ให้ทดสอบโดยการเปิด กับ  IE
20,APPSTD09003,APPSTD09003 กลุ่มข้อผิดพลาดด้านเทคนิค,PKI : ข้อมูลไม่สามารถแตก  Zip ได้
21,APPSTD09004,APPSTD09004 กลุ่มข้อผิดพลาดด้านเทคนิค,PKI : ข้อมูลไม่สามารถถอดรหัสได้
22,APPSTD09005,APPSTD09005 กลุ่มข้อผิดพลาดด้านเทคนิค,PKI : ไม่พบ digital  Signature  ในข้อมูลที่นำส่ง
23,APPSTD09006,APPSTD09006 กลุ่มข้อผิดพลาดด้านเทคนิค,PKI : digital  Signature  มากกว่า 1 ค่า ในข้อมูลที่นำส่ง
24,APPSTD09007,APPSTD09007 กลุ่มข้อผิดพลาดด้านเทคนิค,PKI : digital  Signature  ไม่ถูกต้อง
25,APPSTD09009,APPSTD09009 กลุ่มข้อผิดพลาดด้านเทคนิค,PKI : CA ที่ใช้ในการนำส่งถูกเพิกถอน
26,APPSTD09010,APPSTD09010 กลุ่มข้อผิดพลาดด้านเทคนิค,PKI : ใช้  CA  ที่ไม่ได้มีการติดตั้งลงที่เครื่องลูกข่ายในการนำส่งข้อมูล ทำการติดตั้งใบรับรองโดยติดตั้งจากไฟล์ .p12
27,APPSTD09011,APPSTD09011 กลุ่มข้อผิดพลาดด้านเทคนิค,PKI : ใช้  CA  ล่วงหน้าก่อนวันเริ่มใช้งานมานำส่งข้อมูล
28,APPSTD09012,APPSTD09012 กลุ่มข้อผิดพลาดด้านเทคนิค,PKI : CA หมดอายุ ดำเนินการต่ออายุ หรือจัดซื้อใบรับรองฉบับมานำมาลงทะเบียนทดแทนตัวเดิม  
29,APPSTD09013,APPSTD09013 กลุ่มข้อผิดพลาดด้านเทคนิค,PKI : ไม่สามารถ Check CA  online  ได้ /  CA  ไม่ถูกต้อง แนะนำให้ติดต่อผู้ให้บริการเพื่อดำเนินการตรวจสอบสถานะ
30,APPSTD09092,APPSTD09092 กลุ่มข้อผิดพลาดด้านเทคนิค,สำหรับการนำส่ง 2 Way : User name / Password / IP  ไม่ถูกต้อง  ตรวจสอบค่าที่ใช้ในการนำส่ง User name  /  Password / หมายเลข  IP Address  เครื่องที่ใช้ในการนำส่ง ได้แจ้งลงทะเบียนไว้ในระบบ  IBS  แล้วหรือไม่
31,APPSTD09094,APPSTD09094 กลุ่มข้อผิดพลาดด้านเทคนิค,สำหรับการนำส่ง 2 Way : Internal  ไม่สามารถเชื่อมต่อกับญานข้อมูลเพื่อตรวจสอบการ Authen
32,APPSTD09096,APPSTD09096 กลุ่มข้อผิดพลาดด้านเทคนิค,สำหรับการนำส่ง 2 Way :  หมายเลข  AuthenKey  ต้องใช้ในการนำส่งข้อมูลไม่เกิน 1 ครั้ง  1 หมายเลข  AuthenKey ใช้สำหรับการนำส่งต่อ 1 ครั้งเท่านั้น
33,APPSTD09097,APPSTD09097 กลุ่มข้อผิดพลาดด้านเทคนิค,สำหรับการนำส่ง 2 Way :  หมายเลข  AuthenKey  หมดเวลาที่ใช้ในการนำส่ง ค่าเบื้องต้นกำหนดไว้ที่ไม่เกิน 15 นาที
34,SVSTD99990 ,SVSTD99990 กลุ่มข้อผิดพลาดกลาง,ต้องระบุค่า (NotNull / Not Blank)
35,SVSTD99991 ,SVSTD99991 กลุ่มข้อผิดพลาดกลาง,ปรับลดขนาด ขนาด (Size) ของข้อมูลให้เป็นตามที่โครงสร้างกำหนด
36,SVSTD99992 ,SVSTD99992 กลุ่มข้อผิดพลาดกลาง,ตรวจสอบรูปแบบวันที่ ต้องเป็น  ปีค.ศ. 4 หลัก ตามด้วยเดือน 2 หลัก วันที่ 2 หลัก (DataType = Date YYYYMMDD)
37,SVSTD99993 ,SVSTD99993 กลุ่มข้อผิดพลาดกลาง,"ตรวจสอบข้อมูลต้องไม่มีทศนิยม  (DataType = Number(n,0)"
38,SVSTD99994 ,SVSTD99994 กลุ่มข้อผิดพลาดกลาง,ตรวจสอบข้อมูลต้องไม่มีตัวอักษร หรือ อักขระอื่นใด นอกจาตัวเลขเท่านั้น (DataType = Number)
39,SVSTD99995 ,SVSTD99995 กลุ่มข้อผิดพลาดกลาง,ตรวจสอบกับข้อมูลตามตารางอ้างอิงที่สำนักงาน  คปภ. กำหนด
40,SVSTD99996 ,SVSTD99996 กลุ่มข้อผิดพลาดกลาง,รูปแบบปี ต้องเป็นปี ค.ศ. 4 หลักเท่านั้น
41,SVSTD99997 ,SVSTD99997 กลุ่มข้อผิดพลาดกลาง,ช่วงเดือน ต้องมีค่า 1 - 12
42,SVSTD99998 ,SVSTD99998 กลุ่มข้อผิดพลาดกลาง,ข้อมูลเวลา ชม ต้องอยู่ในช่วง 0-23 และนาทีต้องอยู่ในช่วง 0- 59 
43,SVSTD99999 ,SVSTD99999 กลุ่มข้อผิดพลาดกลาง,ข้อมูลเปอร์เซ็นต์ต้องไม่เกิน 100 %
44,SVSTD01000 ,SVSTD01000 กลุ่มข้อผิดพลาดกลาง,ตรวจสอบกับคีย์หลักของแฟ้มข้อมูล  ต้องมีรายการเดียวเท่านั้น ต้องไม่ส่งมากกว่า 1 รายการ
45,SVSTD03000 ,SVSTD03000 กลุ่มข้อผิดพลาดกลาง,ตรวจสอบกับข้อมูลตามตารางอ้างอิงที่สำนักงาน  คปภ. กำหนด
46,BRVSTD00100,BRVSTD00100 กลุ่มข้อผิดพลาดกลาง,ตรวจสอบเลขที่ใบอนุญาตตัวแทน/นายหน้าประกันวินาศภัย ที่นำส่งถูกต้อง ครบถ้วน เหมือนกับที่รายงานไปยังระบบฐานข้อมูลตัวแทน/นายหน้า ของสำนักงาน คปภ. (AgentBrokerLicense = ข้อมูลในฐานข้อมูลตัวแทน/นายหน้า)
47,BRVSTD00300,BRVSTD00300 กลุ่มข้อผิดพลาดกลาง,การนำส่งรายการรับ / คืน เบี้ย ต้องนำส่งข้อมูลกรมธรรม์ก่อนเสมอ ซึ่งพิจารณารายการคีย์หลักของข้อมูลตามโครงสร้าง อาจเป็นไปได้ว่า คีย์หลักของข้อมูลอาจไม่ตรงกัน หรือ มีการนำส่งข้อมูลไม่ครบถ้วน
48,BRVSTD00400,BRVSTD00400 กลุ่มข้อผิดพลาดกลาง,การนำส่งรายการรับ / คืน เบี้ย ต้องนำส่งข้อมูลหลักหลังก่อนเสมอ ซึ่งพิจารณารายการคีย์หลักของข้อมูลตามโครงสร้าง อาจเป็นไปได้ว่า คีย์หลักของข้อมูลอาจไม่ตรงกัน หรือ มีการนำส่งข้อมูลไม่ครบถ้วน
49,BRVSTD00600,BRVSTD00600 กลุ่มข้อผิดพลาดกลาง,ตรวจสอบจำนวนเบี้ยที่นำส่งไปยังแฟ้มกรมธรรม์ กับรายการรับเบี้ย (NetPremiumAmt) 
50,BRVSTD00700,BRVSTD00700 กลุ่มข้อผิดพลาดกลาง,ระบุวันที่เริ่มต้นคุ้มครอง ไม่เกิน วันที่สิ้นสุดความคุ้มครอง EffectiveDate <= ExpiryDate
51,BRVSTD00800,BRVSTD00800 กลุ่มข้อผิดพลาดกลาง,ระบุวันที่เริ่มต้นคุ้มครอง ไม่เกิน วันที่มีผลบังคับของสลักหลัง EffectiveDate <= EndorsementEffectiveDate
52,BRVSTD00900,BRVSTD00900 กลุ่มข้อผิดพลาดกลาง,ตรวจสอบวันที่ทำสัญญา ไม่เกินวันที่ทำกรมธรรม์ AggreeDate <= IssuedDate
53,BRVSTD01000,BRVSTD01000 กลุ่มข้อผิดพลาดกลาง,ตรวจสอบวันที่ทำสัญญา ไม่เกินวันที่เริ่มต้นความคุ้มครอง AggreeDate <= ExpiryDate
54,BRVSTD01100,BRVSTD01100 กลุ่มข้อผิดพลาดกลาง,ตรวจสอบวันที่ทำสัญญา ไม่เกินวันที่สิ้นสุดความคุ้มครอง AggreeDate <= EndorsementEffectiveDate
55,BRVSTD01200,BRVSTD01200 กลุ่มข้อผิดพลาดกลาง,ตรวจสอบวันที่ทำสัญญา ไม่เกินวันที่มีผลบังคับของสลักหลัง AggreeDate  <= EndorsementEffectiveDate
56,BRVSTD01300,BRVSTD01300 กลุ่มข้อผิดพลาดกลาง,ตรวจสอบวันที่ทำสัญญา ไม่เกินวันที่รับแจ้งเหตุ AggreeDate  <= NotifyDate
57,BRVSTD01400,BRVSTD01400 กลุ่มข้อผิดพลาดกลาง,ตรวจสอบวันที่ทำสัญญา ไม่เกินวันที่เกิดเหตุ AggreeDate  <= LossDate
58,BRVSTD01500,BRVSTD01500 กลุ่มข้อผิดพลาดกลาง,ตรวจสอบวันที่ทำสัญญา ไม่เกินวันที่บันทึกข้อมูลทางบัญชี AggreeDate <= AccountingDate
59,BRVSTD01600,BRVSTD01600 กลุ่มข้อผิดพลาดกลาง,ตรวจสอบวันที่ทำสัญญา ไม่เกินวันที่ทำรายการสินไหม  AggreeDate <= AccountingDate
60,BRVSTD01700,BRVSTD01700 กลุ่มข้อผิดพลาดกลาง,ตรวจสอบวันที่บันทึกข้อมูลทางบัญชี ไม่ควรเกิน วันเกิดเหตุ  AccountingDate <=  LossDate
61,BRVSTD02000,BRVSTD02000 กลุ่มข้อผิดพลาดกลาง,ตรวจสอบวันที่ผลบังคับของสลักหลัง ไม่เกิน วันที่สิ้นสุดความคุ้มครอง  EndorsementEffectiveDate<= ExpiryDate
62,BRVSTD02100,BRVSTD02100 กลุ่มข้อผิดพลาดกลาง,รายการจ่ายสินไหมต้องมีข้อมูลในตารางกรมธรรม์ในฐาน  IBS ก่อนเสมอ ซึ่งพิจารณารายการคีย์หลักของข้อมูลตามโครงสร้าง อาจเป็นไปได้ว่า คีย์หลักของข้อมูลอาจไม่ตรงกัน หรือ มีการนำส่งข้อมูลไม่ครบถ้วน
63,BRVSTD02200,BRVSTD02200 กลุ่มข้อผิดพลาดกลาง,รายการจ่ายสินไหมต้องมีข้อมูลในตารางสินไหมทดแทนในฐาน  IBS ก่อนเสมอ ซึ่งพิจารณารายการคีย์หลักของข้อมูลตามโครงสร้าง อาจเป็นไปได้ว่า คีย์หลักของข้อมูลอาจไม่ตรงกัน หรือ มีการนำส่งข้อมูลไม่ครบถ้วน
64,BRVSTD02300,BRVSTD02300 กลุ่มข้อผิดพลาดกลาง,รายการสินไหมทดแทนต้องมีข้อมูลในตารางกรมธรรม์ในฐาน  IBS ก่อนเสมอ ซึ่งพิจารณารายการคีย์หลักของข้อมูลตามโครงสร้าง อาจเป็นไปได้ว่า คีย์หลักของข้อมูลอาจไม่ตรงกัน หรือ มีการนำส่งข้อมูลไม่ครบถ้วน
65,BRVSTD02800,BRVSTD02800 กลุ่มข้อผิดพลาดกลาง,ระบุวันที่เกิดเหตุ  ไม่เกินวันที่ รับแจ้งเหตุ LossDate <= NotifyDate
66,BRVSTD02900,BRVSTD02900 กลุ่มข้อผิดพลาดกลาง,วันที่เริ่มต้นความคุ้มครอง ไม่เกินวันที่เกิดเหตุ EffectiveDate < LossDate
67,BRVSTD03100,BRVSTD03100 กลุ่มข้อผิดพลาดกลาง,รายการรับคืนสินไหมทดแทนต้องมีข้อมูลในตารางกรมธรรม์ในฐาน  IBS ก่อนเสมอ ซึ่งพิจารณารายการคีย์หลักของข้อมูลตามโครงสร้าง อาจเป็นไปได้ว่า คีย์หลักของข้อมูลอาจไม่ตรงกัน หรือ มีการนำส่งข้อมูลไม่ครบถ้วน
68,BRVSTD03200,BRVSTD03200 กลุ่มข้อผิดพลาดกลาง,รายการรับคืนสินไหมทดแทนต้องมีข้อมูลในตารางสินไหมทดแทนในฐาน  IBS ก่อนเสมอ ซึ่งพิจารณารายการคีย์หลักของข้อมูลตามโครงสร้าง อาจเป็นไปได้ว่า คีย์หลักของข้อมูลอาจไม่ตรงกัน หรือ มีการนำส่งข้อมูลไม่ครบถ้วน
69,BRVSTD03300,BRVSTD03300 กลุ่มข้อผิดพลาดกลาง,กรณีระบุตัวเลขทั้งหมด 13 หลักระบบดำเนินการตรวจสอบรูปแบบ ของหมายเลขที่บัตรประจำตัวประชาชน ดังนั้น ให้ตรวจสอบหมายเลขบัตรประชาชนที่นำส่ง
70,BRVSTD03400,BRVSTD03400 กลุ่มข้อผิดพลาดกลาง,ตรวจสอบเลขที่ใบอนุญาต (AgentBrokerLicense  และวันที่หมดอายุใบอนุญาตในฐานข้อมูลของสำนักงานคปภ. )   กับวันที่เริ่มต้น (EffeciveDate) และสิ้นสุดความคุ้มครอง ( ExpiryDate) ของรายการกรมธรรม์   
71,BRVSTD03600,BRVSTD03600 กลุ่มข้อผิดพลาดกลาง,"รายการกรมธรรม์เลขที่สลักหลังต้องไม่ระบุค่า และ ลำดับที่สลักหลังต้องใส่เป็น 0 เสมอ , (DataType ='1')  และ (EndorsementNumber  ต้องเป็นค่าว่าง) และ EndorsementSeq  = 0)"
72,BRVFIR00100,BRVFIR00100 กลุ่มข้อผิดพลาดการนำส่งข้อมูลประกันภัยทรัพย์สิน," PolicyNumber ,LocationSeq  ต้องไม่ซ้ำ"
73,BRVFIR00200,BRVFIR00200 กลุ่มข้อผิดพลาดการนำส่งข้อมูลประกันภัยทรัพย์สิน,"ถ้า CountryCode = THA(ไทย) ห้ามว่าง  แต่ถ้าแป็นต่างประเทศให้ใช้รหัส Block ""000000"""
74,BRVFIR00300,BRVFIR00300 กลุ่มข้อผิดพลาดการนำส่งข้อมูลประกันภัยทรัพย์สิน,SumInsuredAmt ต้องมากกว่า 0
75,BRVFIR00400,BRVFIR00400 กลุ่มข้อผิดพลาดการนำส่งข้อมูลประกันภัยทรัพย์สิน,ถ้า BusinessClass = 02 เบี้ย FireAdditionalPremium  = 0.0
76,BRVFIR00700,BRVFIR00700 กลุ่มข้อผิดพลาดการนำส่งข้อมูลประกันภัยทรัพย์สิน,"ข้อมูลสลักหลัง ต้องเคยมี้อมูล PolicyNumber ,LocationSeq ต้องเคยมรอยู่แล้วในระบบ IBS หรือหากส่งข้อมูลข้อมูลเข้ามาในรอบเดียวกัน ข้อมูลกรมธรรม์ต้องไม่ Error "
77,BRVFIR00800,BRVFIR00800 กลุ่มข้อผิดพลาดการนำส่งข้อมูลประกันภัยทรัพย์สิน,"ถ้าเป็นกรมธรรม์ IAR (BusinessClass=02,08) และ DataType=1 เบี้ย IARPremiumSection1 >0.0"
78,BRVFIR00900,BRVFIR00900 กลุ่มข้อผิดพลาดการนำส่งข้อมูลประกันภัยทรัพย์สิน,"ถ้าสลักหลัง IAR (BusinessClass=02,08) และ DataType=2 เบี้ย IARPremiumSection1 >=0.0"
79,BRVFIR01000,BRVFIR01000 กลุ่มข้อผิดพลาดการนำส่งข้อมูลประกันภัยทรัพย์สิน,"ถ้าสลักหลัง IAR (BusinessClass=02,08) และ DataType=3 เบี้ย IARPremiumSection1 >=0.0"
80,BRVFIR01100,BRVFIR01100 กลุ่มข้อผิดพลาดการนำส่งข้อมูลประกันภัยทรัพย์สิน,"ถ้าสลักหลัง IAR (BusinessClass=02,08) และ DataType=4,5 เบี้ย IARPremiumSection1 =0.0"
81,BRVFIR01200,BRVFIR01200 กลุ่มข้อผิดพลาดการนำส่งข้อมูลประกันภัยทรัพย์สิน,"ถ้าสลักหลัง IAR (BusinessClass=02,08) และ DataType=6 เบี้ย IARPremiumSection1 <0.0"
82,BRVFIR01300,BRVFIR01300 กลุ่มข้อผิดพลาดการนำส่งข้อมูลประกันภัยทรัพย์สิน,"ถ้าสลักหลัง IAR (BusinessClass=02,08) และ DataType=4,5 เบี้ย IARPremiumSection1 =0.0"
83,BRVFIR01400,BRVFIR01400 กลุ่มข้อผิดพลาดการนำส่งข้อมูลประกันภัยทรัพย์สิน,"DataType = 7 ตรวจสอบ Key ดังต่อไปนี้ CompanyCode, PolicyNo, LocationSeq ต้องไม่ซ้ำกับในฐาน IBS เนื่องจากเป็นการเพิ่มสถานที่ตั้งทรัพย์สิน"
84,BRVFIR01500,BRVFIR01500 กลุ่มข้อผิดพลาดการนำส่งข้อมูลประกันภัยทรัพย์สิน,ถ้า DataType <>  1   ข้อมูล Endorsement
85,BRVFIR01600,BRVFIR01600 กลุ่มข้อผิดพลาดการนำส่งข้อมูลประกันภัยทรัพย์สิน,ถ้า DataType <>  1   ข้อมูล Endorsement
86,BRVFIR01700,BRVFIR01700 กลุ่มข้อผิดพลาดการนำส่งข้อมูลประกันภัยทรัพย์สิน,"การส่งรายการสินไหมต้องมีข้อมูลในตารางกรมธรรม์(1.1) ก่อน ( PolicyNumber ,LocationSeq)"
87,BRVFIR01800,BRVFIR01800 กลุ่มข้อผิดพลาดการนำส่งข้อมูลประกันภัยทรัพย์สิน,ถ้า RiskFlag = N and LocationSeq >0 ข้อมูล RiskCode ห้ามว่าง
88,BRVFIR01900,BRVFIR01900 กลุ่มข้อผิดพลาดการนำส่งข้อมูลประกันภัยทรัพย์สิน,"ถ้า ClaimGroup =""CP"" , =""CS"" ข้อมูล ClaimAmt <0"
89,BRVFIR02000,BRVFIR02000 กลุ่มข้อผิดพลาดการนำส่งข้อมูลประกันภัยทรัพย์สิน,"ถ้า ClaimGroup =""P"" , =""S"" ข้อมูล ClaimAmt >1"
90,BRVFIR02100,BRVFIR02100 กลุ่มข้อผิดพลาดการนำส่งข้อมูลประกันภัยทรัพย์สิน,ถ้า ClaimType=1 ข้อมูล CoverageType ห้ามว่าง
91,BRVFIR02200,BRVFIR02200 กลุ่มข้อผิดพลาดการนำส่งข้อมูลประกันภัยทรัพย์สิน,ถ้า ClaimType=2 ข้อมูล ต้องมีข้อมูล ClaimNumber ที่เป็น ClaimType=1 อยู่แล้วเท่านั้น ClaimNumber ในตารางสินไหม (3)
92,BRVFIR02300,BRVFIR02300 กลุ่มข้อผิดพลาดการนำส่งข้อมูลประกันภัยทรัพย์สิน,ถ้า ClaimType=3 ข้อมูล ต้องมีข้อมูล ClaimNumber ที่เป็น ClaimType=2 อยู่แล้วเท่านั้น ClaimNumber ในตารางสินไหม (3)
93,BRVFIR02400,BRVFIR02400 กลุ่มข้อผิดพลาดการนำส่งข้อมูลประกันภัยทรัพย์สิน,"ถ้า ClaimGroup =""CP"" , =""CS"" ต้องมีข้อมูล  ClaimNumber,ClaimSeq ที่มีสถานะ  ClaimGroup =""P"" ,""CS"" อยู่แล้วในตารางสินไหม (3)"
94,BRVFIR02500,BRVFIR02500 กลุ่มข้อผิดพลาดการนำส่งข้อมูลประกันภัยทรัพย์สิน,การจ่ายสินไหมทดแทนในตารางตารางการจ่ายค่าสินไหมทดแทน (4) ต้องทีข้อมูล  ClaimNumber ใน. ตารางรายการสินไหมทดแทน (3) อยู่แล้ว
95,BRVFIR02800,BRVFIR02800 กลุ่มข้อผิดพลาดการนำส่งข้อมูลประกันภัยทรัพย์สิน,"ถ้าเป็นกรมธรรม์ FIRE (BusinessClass<>02,08) และ DataType=1 เบี้ย FirePremiumSection1 >0.0"
96,BRVFIR02900,BRVFIR02900 กลุ่มข้อผิดพลาดการนำส่งข้อมูลประกันภัยทรัพย์สิน,"ถ้าสลักหลัง FIRE (BusinessClass<>02,08) และ DataType=2 เบี้ย FirePremiumSection1 >=0.0"
97,BRVFIR03000,BRVFIR03000 กลุ่มข้อผิดพลาดการนำส่งข้อมูลประกันภัยทรัพย์สิน,"ถ้าสลักหลัง FIRE (BusinessClass<>02,08) และ DataType=3 เบี้ย FirePremiumSection1 <=0.0"
98,BRVFIR03100,BRVFIR03100 กลุ่มข้อผิดพลาดการนำส่งข้อมูลประกันภัยทรัพย์สิน,"ถ้าสลักหลัง FIRE (BusinessClass<>02,08) และ DataType=4,5 เบี้ย FirePremiumSection1 =0.0"
99,BRVFIR03200,BRVFIR03200 กลุ่มข้อผิดพลาดการนำส่งข้อมูลประกันภัยทรัพย์สิน,"ถ้าสลักหลัง FIRE (BusinessClass<>02,08) และ DataType=6 เบี้ย FirePremiumSection1 <0.0"
100,BRVFIR03300,BRVFIR03300 กลุ่มข้อผิดพลาดการนำส่งข้อมูลประกันภัยทรัพย์สิน,"ถ้าสลักหลัง FIRE (BusinessClass<>02,08) และ DataType=7เบี้ย FirePremiumSection1 >0.0"
101,BRVFIR06000,BRVFIR06000 กลุ่มข้อผิดพลาดการนำส่งข้อมูลประกันภัยทรัพย์สิน,การยกเลิกข้อมูล ตารางผู้เอาประกันภัย และผู้รับประโยชน์(1.2) ต้องมีข้อมูลเดิมอยู๋แล้วเท่านั้น 
102,BRVFIR07000,BRVFIR07000 กลุ่มข้อผิดพลาดการนำส่งข้อมูลประกันภัยทรัพย์สิน,การบันทึกรายการกรมธรรม  ต้องมีข้อมูลผู้เอาประกันภัยอย่างน้อย 1 คน
103,BRVFIR07100,BRVFIR07100 กลุ่มข้อผิดพลาดการนำส่งข้อมูลประกันภัยทรัพย์สิน,การบันทึกรายการผู้เอาประกันภัย ต้องมีข้อมูลในรายการกรมธรรม์ส่งมาด้วยเท่านั้น
104,BRVFIR07500,BRVFIR07500 กลุ่มข้อผิดพลาดการนำส่งข้อมูลประกันภัยทรัพย์สิน,การบันทึกรายการกรมธรรม  ข้อมูลผู้เอาประกันภัยต้องถูกต้องสามารถบันทึกได้ทุกคนในกรมธรรม์นั้นๆ
105,BRVFIR07600,BRVFIR07600 กลุ่มข้อผิดพลาดการนำส่งข้อมูลประกันภัยทรัพย์สิน,การบันทึกรายการผู้เอาประกันภัย ต้องมีข้อมูลในรายการกรมธรรม์ทึ่ผ่านการบันทึกด้วยเท่านั้น
106,BRVFIR09510,BRVFIR09510 กลุ่มข้อผิดพลาดการนำส่งข้อมูลประกันภัยทรัพย์สิน,การบันทึกข้อมูลรายการสลักหลัง  ต้องมีรายการกรมธรรม์ที่ผ่านก่อนแล้วเท่านั้น
107,BRVFIR09520,BRVFIR09520 กลุ่มข้อผิดพลาดการนำส่งข้อมูลประกันภัยทรัพย์สิน,การบันทึกรายการรับ / คืน เบี้ย ต้องมีรายงานกรมธรรม์ที่ผ่านก่อนแล้วเท่านั้น
108,BRVFIR09530,BRVFIR09530 กลุ่มข้อผิดพลาดการนำส่งข้อมูลประกันภัยทรัพย์สิน,การบันทึกรายการสินไหมทดแทน ต้องมีรายงานกรมธรรม์ที่ผ่านก่อนแล้วเท่านั้น
109,BRVFIR09540,BRVFIR09540 กลุ่มข้อผิดพลาดการนำส่งข้อมูลประกันภัยทรัพย์สิน,การบันทึกรายการสินไหมทดแทนรับคืน ต้องมีรายสินไหมทดแทนที่ผ่านก่อนแล้วเท่านั้น
110,BRVFIR09550,BRVFIR09550 กลุ่มข้อผิดพลาดการนำส่งข้อมูลประกันภัยทรัพย์สิน,การบันทึกรายการจ่ายสินไหม ต้องมีรายสินไหมทดแทนที่ผ่านก่อนแล้วเท่านั้น
111,BRVMAR00100,BRVMAR00100 กลุ่มข้อผิดพลาดการนำส่งข้อมูลประกันภัยทางทะเลและการขนส่ง,"PolicyNumber,EndorsementSeq ,ShipSeq ต้องไม่ซ้ำกัน"
112,BRVMAR00200,BRVMAR00200 กลุ่มข้อผิดพลาดการนำส่งข้อมูลประกันภัยทางทะเลและการขนส่ง,รายงานสลักหลังที่มี DataType =1 ข้อมูล NetPremiumAmt >0.0
113,BRVMAR00300,BRVMAR00300 กลุ่มข้อผิดพลาดการนำส่งข้อมูลประกันภัยทางทะเลและการขนส่ง,"ถ้า PolicyType=""CA"",""CS"",""CT"",""LA"" (ที่ไม่ใช่ตัวเรือ)  ข้อมูล StatusofGoods ห้ามว่าง"
114,BRVMAR00400,BRVMAR00400 กลุ่มข้อผิดพลาดการนำส่งข้อมูลประกันภัยทางทะเลและการขนส่ง,"ถ้า PolicyType=""LA"" (ที่ไม่ใช่ตัวเรือ)  ข้อมูล SLiabilityType ห้ามว่าง"
115,BRVMAR00500,BRVMAR00500 กลุ่มข้อผิดพลาดการนำส่งข้อมูลประกันภัยทางทะเลและการขนส่ง,"ถ้า PolicyType=""HL"" (ที่ไม่ใช่ตัวเรือ)  ข้อมูล ShipType ห้ามว่าง"
116,BRVMAR00600,BRVMAR00600 กลุ่มข้อผิดพลาดการนำส่งข้อมูลประกันภัยทางทะเลและการขนส่ง,"ถ้า PolicyType=""HL"" (ที่ไม่ใช่ตัวเรือ)  ข้อมูล ShipBuiltYear ห้ามว่าง"
117,BRVMAR00700,BRVMAR00700 กลุ่มข้อผิดพลาดการนำส่งข้อมูลประกันภัยทางทะเลและการขนส่ง,"ถ้า PolicyType=""CA"",""CS"",""CT""  ข้อมูล CargoType ห้ามว่าง"
118,BRVMAR00800,BRVMAR00800 กลุ่มข้อผิดพลาดการนำส่งข้อมูลประกันภัยทางทะเลและการขนส่ง,"ถ้า PolicyType=""CA"",""CS""  ข้อมูล PackagingType ห้ามว่าง"
119,BRVMAR00900,BRVMAR00900 กลุ่มข้อผิดพลาดการนำส่งข้อมูลประกันภัยทางทะเลและการขนส่ง,"ถ้า StatusofGoods = =""I"",""E"",""L"",""O""   ข้อมูล StartCountry ห้ามว่าง"
120,BRVMAR01000,BRVMAR01000 กลุ่มข้อผิดพลาดการนำส่งข้อมูลประกันภัยทางทะเลและการขนส่ง,"ถ้า StatusofGoods = =""I"",""E"",""L"",""O""   ข้อมูล DestinationCountry ห้ามว่าง "
121,BRVMAR01100,BRVMAR01100 กลุ่มข้อผิดพลาดการนำส่งข้อมูลประกันภัยทางทะเลและการขนส่ง,"ถ้า PolicyType=""HL"" (ที่ไม่ใช่ตัวเรือ)  ข้อมูล GrossTonnage >0"
122,BRVMAR01300,BRVMAR01300 กลุ่มข้อผิดพลาดการนำส่งข้อมูลประกันภัยทางทะเลและการขนส่ง,"การบันทึกรายการสลักหลัง ต้องมีข้อมูล (PolicyNumber,ShipSeq) เดิมอยู่แล้ว หรือส่งมาในงวดเดียวกัน โดยต้องสามารถผ่านการบันทึกได้"
123,BRVMAR01500,BRVMAR01500 กลุ่มข้อผิดพลาดการนำส่งข้อมูลประกันภัยทางทะเลและการขนส่ง,รายงานสลักหลังที่มี DataType =2 ข้อมูล NetPremiumAmt >=0.0
124,BRVMAR01600,BRVMAR01600 กลุ่มข้อผิดพลาดการนำส่งข้อมูลประกันภัยทางทะเลและการขนส่ง,รายงานสลักหลังที่มี DataType =3 ข้อมูล NetPremiumAmt <=0.0
125,BRVMAR01700,BRVMAR01700 กลุ่มข้อผิดพลาดการนำส่งข้อมูลประกันภัยทางทะเลและการขนส่ง,"รายงานสลักหลังที่มี DataType =4,5 ข้อมูล NetPremiumAmt =0.0"
126,BRVMAR01800,BRVMAR01800 กลุ่มข้อผิดพลาดการนำส่งข้อมูลประกันภัยทางทะเลและการขนส่ง,รายงานสลักหลังที่มี DataType =6 ข้อมูล NetPremiumAmt >0
127,BRVMAR01900,BRVMAR01900 กลุ่มข้อผิดพลาดการนำส่งข้อมูลประกันภัยทางทะเลและการขนส่ง,รายงานสลักหลังที่มี DataType =7 ข้อมูล NetPremiumAmt >1
128,BRVMAR02000,BRVMAR02000 กลุ่มข้อผิดพลาดการนำส่งข้อมูลประกันภัยทางทะเลและการขนส่ง,ข้อมูลสลัหหลัง DataType <> 1 ข้อมูล EndorsementNumber ต้องไม่เท่ากับว่าง และ EndorsementSeq > 0
129,BRVMAR02100,BRVMAR02100 กลุ่มข้อผิดพลาดการนำส่งข้อมูลประกันภัยทางทะเลและการขนส่ง,ถ้า DataType <>  1   ข้อมูล Endorsement  EffectiveDate ต้องค่าไม่ว่าง
130,BRVMAR02200,BRVMAR02200 กลุ่มข้อผิดพลาดการนำส่งข้อมูลประกันภัยทางทะเลและการขนส่ง,"การส่งรายงานสินไหม  ต้องมีรายการกรมธรรม์ที่ผ่านในระบบ ( PolicyNumber ,ShipSeq)"
131,BRVMAR02300,BRVMAR02300 กลุ่มข้อผิดพลาดการนำส่งข้อมูลประกันภัยทางทะเลและการขนส่ง,"กรณีที่เป็นสลักหลังเพิ่มลำดับเที่ยวเรือ(DataType= '7')   , ตรวจสอบ  Key  ดังต่อไปนี้ CompanyCode,PolicyNo,ShipSeq ต้องไม่ซ้ำกับในฐาน IBS  เนื่องจากเป็นการเพิ่มลำดับเที่ยวเรือ"
132,BRVMAR02400,BRVMAR02400 กลุ่มข้อผิดพลาดการนำส่งข้อมูลประกันภัยทางทะเลและการขนส่ง,"ถ้า ClaimGroup =""CP"" , ""CS"" ,""CR"" ข้อมูล ClaimAmt <0.0"
133,BRVMAR02500,BRVMAR02500 กลุ่มข้อผิดพลาดการนำส่งข้อมูลประกันภัยทางทะเลและการขนส่ง,"ถ้า ClaimGroup =""P"" , ""S""  ข้อมูล ClaimAmt <0.0"
134,BRVMAR02600,BRVMAR02600 กลุ่มข้อผิดพลาดการนำส่งข้อมูลประกันภัยทางทะเลและการขนส่ง,ถ้า ClaimType=2 ต้องมีรายการ ClaimType=1 (ClaimNumber) อยู่แล้ว
135,BRVMAR02700,BRVMAR02700 กลุ่มข้อผิดพลาดการนำส่งข้อมูลประกันภัยทางทะเลและการขนส่ง,ถ้า ClaimType=3 ต้องมีรายการ ClaimType=2 (ClaimNumber) อยู่แล้ว
136,BRVMAR02800,BRVMAR02800 กลุ่มข้อผิดพลาดการนำส่งข้อมูลประกันภัยทางทะเลและการขนส่ง,"การบันทึกรายการสินไหม ClaimGroup =""CP"" , ""CS"" ต้องมี ClaimGroup =""P"" , ""S"" (ClaimNumber,ClaimSeq)  เดิมอยู่แล้ว"
137,BRVMAR02900,BRVMAR02900 กลุ่มข้อผิดพลาดการนำส่งข้อมูลประกันภัยทางทะเลและการขนส่ง,การบันทึกรายการสินไหมจ่าย ต้องมีข้อมูลเลขที่สินไหมทดแทนในตารางรายการสินไหมทดแทน(ClaimNumber) แล้วเท่านั้น
138,BRVMAR07000,BRVMAR07000 กลุ่มข้อผิดพลาดการนำส่งข้อมูลประกันภัยทางทะเลและการขนส่ง,การบันทึกข้อมูลรายการกรมธรรม์  ต้องมีข้อมูลผู้เอาประกันภัยอย่างน้อย 1 คน
139,BRVMAR07100,BRVMAR07100 กลุ่มข้อผิดพลาดการนำส่งข้อมูลประกันภัยทางทะเลและการขนส่ง,การบันทึกข้อมูลรายการผู้เอาประกันภัย ต้องมีข้อมูลในรายการกรมธรรม์ส่งมาด้วยเท่านั้น
140,BRVMAR07500,BRVMAR07500 กลุ่มข้อผิดพลาดการนำส่งข้อมูลประกันภัยทางทะเลและการขนส่ง,การบันทึกข้อมูลรายการกรมธรรม์  ข้อมูลผู้เอาประกันภัยต้องถูกต้องสามารถบันทึกได้ทุกคนในกรมธรรม์นั้นๆ
141,BRVMAR07600,BRVMAR07600 กลุ่มข้อผิดพลาดการนำส่งข้อมูลประกันภัยทางทะเลและการขนส่ง,การบันทึกรายการผู้เอาประกันภัย ต้องมีข้อมูลในรายการกรมธรรม์ทึ่ผ่านการบันทึกด้วยเท่านั้น
142,BRVMAR09510,BRVMAR09510 กลุ่มข้อผิดพลาดการนำส่งข้อมูลประกันภัยทางทะเลและการขนส่ง,การบันทึกข้อมูลรายการสลักหลัง  ต้องมีรายการกรมธรรม์ที่ผ่านก่อนแล้วเท่านั้น
143,BRVMAR09520,BRVMAR09520 กลุ่มข้อผิดพลาดการนำส่งข้อมูลประกันภัยทางทะเลและการขนส่ง,การบันทึกรายการรับ / คืน เบี้ย ต้องมีรายงานกรมธรรม์ที่ผ่านก่อนแล้วเท่านั้น
144,BRVMAR09530,BRVMAR09530 กลุ่มข้อผิดพลาดการนำส่งข้อมูลประกันภัยทางทะเลและการขนส่ง,การบันทึกรายการสินไหมทดแทน ต้องมีรายงานกรมธรรม์ที่ผ่านก่อนแล้วเท่านั้น
145,BRVMAR09540,BRVMAR09540 กลุ่มข้อผิดพลาดการนำส่งข้อมูลประกันภัยทางทะเลและการขนส่ง,การบันทึกรายการสินไหมทดแทนรับคืน ต้องมีรายสินไหมทดแทนที่ผ่านก่อนแล้วเท่านั้น
146,BRVMAR09550,BRVMAR09550 กลุ่มข้อผิดพลาดการนำส่งข้อมูลประกันภัยทางทะเลและการขนส่ง,การบันทึกรายการจ่ายสินไหม ต้องมีรายสินไหมทดแทนที่ผ่านก่อนแล้วเท่านั้น
147,BRVMIS00300,BRVMIS00300 กลุ่มข้อผิดพลาดการนำส่งข้อมูลประกันภัยเบ็ดเตล็ด,SumInsuredAmt >0 หรือ ห้ามว่าง
148,BRVMIS00400,BRVMIS00400 กลุ่มข้อผิดพลาดการนำส่งข้อมูลประกันภัยเบ็ดเตล็ด,MainClass=01 และ SubClass=01 ข้อมูล CoverageType ห้ามว่าง
149,BRVMIS00500,BRVMIS00500 กลุ่มข้อผิดพลาดการนำส่งข้อมูลประกันภัยเบ็ดเตล็ด,MainClass=01 และ SubClass=03 ข้อมูล CoverageType ห้ามว่าง
150,BRVMIS00600,BRVMIS00600 กลุ่มข้อผิดพลาดการนำส่งข้อมูลประกันภัยเบ็ดเตล็ด,MainClass=01 และ SubClass=01 ข้อมูล OccupancyCode ห้ามว่าง
151,BRVMIS00700,BRVMIS00700 กลุ่มข้อผิดพลาดการนำส่งข้อมูลประกันภัยเบ็ดเตล็ด,MainClass=01 และ SubClass=03 ข้อมูล OccupancyCode ห้ามว่าง
152,BRVMIS00800,BRVMIS00800 กลุ่มข้อผิดพลาดการนำส่งข้อมูลประกันภัยเบ็ดเตล็ด,MainClass=01 และ SubClass=06 ข้อมูล OccupancyCode ห้ามว่าง
153,BRVMIS00900,BRVMIS00900 กลุ่มข้อผิดพลาดการนำส่งข้อมูลประกันภัยเบ็ดเตล็ด,MainClass=01 และ SubClass=07 ข้อมูล OccupancyCode ห้ามว่าง
154,BRVMIS01000,BRVMIS01000 กลุ่มข้อผิดพลาดการนำส่งข้อมูลประกันภัยเบ็ดเตล็ด,MainClass=01 และ SubClass=08 ข้อมูล OccupancyCode ห้ามว่าง
155,BRVMIS01100,BRVMIS01100 กลุ่มข้อผิดพลาดการนำส่งข้อมูลประกันภัยเบ็ดเตล็ด,MainClass=02 และ SubClass=01 ข้อมูล OccupancyCode ห้ามว่าง
156,BRVMIS01200,BRVMIS01200 กลุ่มข้อผิดพลาดการนำส่งข้อมูลประกันภัยเบ็ดเตล็ด,MainClass=02 และ SubClass=02 ข้อมูล OccupancyCode ห้ามว่าง
157,BRVMIS01300,BRVMIS01300 กลุ่มข้อผิดพลาดการนำส่งข้อมูลประกันภัยเบ็ดเตล็ด,MainClass=02 และ SubClass=03 ข้อมูล OccupancyCode ห้ามว่าง
158,BRVMIS01400,BRVMIS01400 กลุ่มข้อผิดพลาดการนำส่งข้อมูลประกันภัยเบ็ดเตล็ด,MainClass=02 และ SubClass=04 ข้อมูล OccupancyCode ห้ามว่าง
159,BRVMIS01500,BRVMIS01500 กลุ่มข้อผิดพลาดการนำส่งข้อมูลประกันภัยเบ็ดเตล็ด,MainClass=02 และ SubClass=05 ข้อมูล OccupancyCode ห้ามว่าง
160,BRVMIS01600,BRVMIS01600 กลุ่มข้อผิดพลาดการนำส่งข้อมูลประกันภัยเบ็ดเตล็ด,MainClass=03 และ SubClass=01 ข้อมูล OccupancyCode ห้ามว่าง
161,BRVMIS01700,BRVMIS01700 กลุ่มข้อผิดพลาดการนำส่งข้อมูลประกันภัยเบ็ดเตล็ด,MainClass=03 และ SubClass=03 ข้อมูล OccupancyCode ห้ามว่าง
162,BRVMIS01800,BRVMIS01800 กลุ่มข้อผิดพลาดการนำส่งข้อมูลประกันภัยเบ็ดเตล็ด,MainClass=03 และ SubClass=04 ข้อมูล OccupancyCode ห้ามว่าง
163,BRVMIS01900,BRVMIS01900 กลุ่มข้อผิดพลาดการนำส่งข้อมูลประกันภัยเบ็ดเตล็ด,MainClass=04 และ SubClass=01 ข้อมูล OccupancyCode ห้ามว่าง
164,BRVMIS02000,BRVMIS02000 กลุ่มข้อผิดพลาดการนำส่งข้อมูลประกันภัยเบ็ดเตล็ด,MainClass=04 และ SubClass=03 ข้อมูล OccupancyCode ห้ามว่าง
165,BRVMIS02100,BRVMIS02100 กลุ่มข้อผิดพลาดการนำส่งข้อมูลประกันภัยเบ็ดเตล็ด,MainClass=01  และ SubClass=02 ข้อมูล OccupancyCode ห้ามว่าง
166,BRVMIS02200,BRVMIS02200 กลุ่มข้อผิดพลาดการนำส่งข้อมูลประกันภัยเบ็ดเตล็ด,MainClass=01 และ SubClass=10  ข้อมูล OccupancyCode ห้ามว่าง
167,BRVMIS02300,BRVMIS02300 กลุ่มข้อผิดพลาดการนำส่งข้อมูลประกันภัยเบ็ดเตล็ด,MainClass=01 และ SubClass=01 ข้อมูล FullValueOrFirstLoss ห้ามว่าง
168,BRVMIS02600,BRVMIS02600 กลุ่มข้อผิดพลาดการนำส่งข้อมูลประกันภัยเบ็ดเตล็ด,MainClass=01 และ SubClass=06 ข้อมูล FieldString01 ห้ามว่าง
169,BRVMIS02700,BRVMIS02700 กลุ่มข้อผิดพลาดการนำส่งข้อมูลประกันภัยเบ็ดเตล็ด,MainClass=02 และ SubClass=01 ข้อมูล FieldString01 ห้ามว่าง
170,BRVMIS02800,BRVMIS02800 กลุ่มข้อผิดพลาดการนำส่งข้อมูลประกันภัยเบ็ดเตล็ด,MainClass=02 และ SubClass=05 ข้อมูล FieldString01 ห้ามว่าง
171,BRVMIS02900,BRVMIS02900 กลุ่มข้อผิดพลาดการนำส่งข้อมูลประกันภัยเบ็ดเตล็ด,MainClass=02 และ SubClass=01 ข้อมูล Territory ห้ามว่าง
172,BRVMIS03000,BRVMIS03000 กลุ่มข้อผิดพลาดการนำส่งข้อมูลประกันภัยเบ็ดเตล็ด,MainClass=02 และ SubClass=04 ข้อมูล Territory ห้ามว่าง
173,BRVMIS03100,BRVMIS03100 กลุ่มข้อผิดพลาดการนำส่งข้อมูลประกันภัยเบ็ดเตล็ด,MainClass=02 และ SubClass=04 ข้อมูล HazardousMaterial ห้ามว่าง
174,BRVMIS03200,BRVMIS03200 กลุ่มข้อผิดพลาดการนำส่งข้อมูลประกันภัยเบ็ดเตล็ด,MainClass=02 และ SubClass=04 ข้อมูล HazardousMaterial ห้ามว่าง
175,BRVMIS03300,BRVMIS03300 กลุ่มข้อผิดพลาดการนำส่งข้อมูลประกันภัยเบ็ดเตล็ด,MainClass=02 และ SubClass=04 ข้อมูล FieldNumeric01 ห้ามว่าง
176,BRVMIS03400,BRVMIS03400 กลุ่มข้อผิดพลาดการนำส่งข้อมูลประกันภัยเบ็ดเตล็ด,MainClass=02 และ SubClass=02 ข้อมูล ProductType ห้ามว่าง
177,BRVMIS03500,BRVMIS03500 กลุ่มข้อผิดพลาดการนำส่งข้อมูลประกันภัยเบ็ดเตล็ด,"(PolicyNumber ,EndorsementNumber, InsuredSeq) ห้ามซ้ำ"
178,BRVMIS03600,BRVMIS03600 กลุ่มข้อผิดพลาดการนำส่งข้อมูลประกันภัยเบ็ดเตล็ด,EndorsementNumber ห้ามซ้ำ
179,BRVMIS03700,BRVMIS03700 กลุ่มข้อผิดพลาดการนำส่งข้อมูลประกันภัยเบ็ดเตล็ด,ข้อมูลสลักหลัง ต้องเคยมี้อมูล PolicyNumber  ต้องเคยมรอยู่แล้วในระบบ IBS หรือหากส่งข้อมูลข้อมูลเข้ามาในรอบเดียวกัน ข้อมูลกรมธรรม์ต้องไม่ Error 
180,BRVMIS03800,BRVMIS03800 กลุ่มข้อผิดพลาดการนำส่งข้อมูลประกันภัยเบ็ดเตล็ด,รายงานสลักหลังที่มี DataType =1 ข้อมูล NetPremiumAmt >0.0
181,BRVMIS03900,BRVMIS03900 กลุ่มข้อผิดพลาดการนำส่งข้อมูลประกันภัยเบ็ดเตล็ด,รายงานสลักหลังที่มี DataType =2 ข้อมูล NetPremiumAmt >=0.0
182,BRVMIS04000,BRVMIS04000 กลุ่มข้อผิดพลาดการนำส่งข้อมูลประกันภัยเบ็ดเตล็ด,รายงานสลักหลังที่มี DataType =3 ข้อมูล NetPremiumAmt <=0.0
183,BRVMIS04100,BRVMIS04100 กลุ่มข้อผิดพลาดการนำส่งข้อมูลประกันภัยเบ็ดเตล็ด,"รายงานสลักหลังที่มี DataType =4,5 ข้อมูล NetPremiumAmt =0.0"
184,BRVMIS04200,BRVMIS04200 กลุ่มข้อผิดพลาดการนำส่งข้อมูลประกันภัยเบ็ดเตล็ด,รายงานสลักหลังที่มี DataType =6 ข้อมูล NetPremiumAmt >0
185,BRVMIS04300,BRVMIS04300 กลุ่มข้อผิดพลาดการนำส่งข้อมูลประกันภัยเบ็ดเตล็ด,ข้อมูลสลัหหลัง DataType <> 1 ข้อมูล EndorsementNumber ต้องไม่เท่ากับว่าง และ EndorsementSeq > 0
186,BRVMIS04400,BRVMIS04400 กลุ่มข้อผิดพลาดการนำส่งข้อมูลประกันภัยเบ็ดเตล็ด,ข้อมูลสลัหหลัง DataType <> 1 ข้อมูล EndorsementNumber ต้องไม่เท่ากับว่าง และ EndorsementSeq > 0
187,BRVMIS04600,BRVMIS04600 กลุ่มข้อผิดพลาดการนำส่งข้อมูลประกันภัยเบ็ดเตล็ด,การส่งรายงานสินไหม  ต้องมีรายการกรมธรรม์ที่ผ่านในระบบแล้ว ( PolicyNumber)
188,BRVMIS04800,BRVMIS04800 กลุ่มข้อผิดพลาดการนำส่งข้อมูลประกันภัยเบ็ดเตล็ด,"ถ้า ClaimGroup =""CP"" , ""CS"" ,""CR"" ข้อมูล ClaimAmt <0.0"
189,BRVMIS04900,BRVMIS04900 กลุ่มข้อผิดพลาดการนำส่งข้อมูลประกันภัยเบ็ดเตล็ด,"ถ้า ClaimGroup =""P"" , ""S""  ข้อมูล ClaimAmt <0.0"
190,BRVMIS05000,BRVMIS05000 กลุ่มข้อผิดพลาดการนำส่งข้อมูลประกันภัยเบ็ดเตล็ด,ถ้า ClaimType=2 ต้องมีรายการ ClaimType=1 (ClaimNumber) อยู่แล้ว
191,BRVMIS05100,BRVMIS05100 กลุ่มข้อผิดพลาดการนำส่งข้อมูลประกันภัยเบ็ดเตล็ด,ถ้า ClaimType=3 ต้องมีรายการ ClaimType=2 (ClaimNumber) อยู่แล้ว
192,BRVMIS05200,BRVMIS05200 กลุ่มข้อผิดพลาดการนำส่งข้อมูลประกันภัยเบ็ดเตล็ด,"การบันทึกรายการสินไหม ClaimGroup =""CP"" , ""CS"" ต้องมี ClaimGroup =""P"" , ""S"" (ClaimNumber,ClaimSeq)  เดิมอยู่แล้ว"
193,BRVMIS05300,BRVMIS05300 กลุ่มข้อผิดพลาดการนำส่งข้อมูลประกันภัยเบ็ดเตล็ด,การบันทึกรายการสินไหมจ่าย ต้องมีข้อมูลเลขที่สินไหมทดแทนในตารางรายการสินไหมทดแทน(ClaimNumber) แล้วเท่านั้น
194,BRVMIS05400,BRVMIS05400 กลุ่มข้อผิดพลาดการนำส่งข้อมูลประกันภัยเบ็ดเตล็ด,การบันทึกรายการกรมธรรม  ต้องมีข้อมูลความคุ้มครอง
195,BRVMIS05500,BRVMIS05500 กลุ่มข้อผิดพลาดการนำส่งข้อมูลประกันภัยเบ็ดเตล็ด,การบันทึกรายการกรมธรรม  ต้องมีผู้เอาประกันภัย 
196,BRVMIS06000,BRVMIS06000 กลุ่มข้อผิดพลาดการนำส่งข้อมูลประกันภัยเบ็ดเตล็ด,การบันทึกรายการกรมธรรม  ต้องมีข้อมูลผู้เอาประกันภัยอย่างน้อย 1 คน
197,BRVMIS07100,BRVMIS07100 กลุ่มข้อผิดพลาดการนำส่งข้อมูลประกันภัยเบ็ดเตล็ด,การบันทึกรายการผู้เอาประกันภัย  ต้องมีข้อมูลในรายการกรมธรรม์ส่งมาด้วยโดยข้อมูลกรมธรรม์นั้นต้องผ่านด้วยเท่านั้น
198,BRVMIS07200,BRVMIS07200 กลุ่มข้อผิดพลาดการนำส่งข้อมูลประกันภัยเบ็ดเตล็ด,
199,BRVMIS07500,BRVMIS07500 กลุ่มข้อผิดพลาดการนำส่งข้อมูลประกันภัยเบ็ดเตล็ด,การบันทึกรายการกรมธรรม  ข้อมูลผู้เอาประกันภัยต้องถูกต้องสามารถบันทึกได้ทุกคนในกรมธรรม์นั้นๆ
200,BRVMIS07600,BRVMIS07600 กลุ่มข้อผิดพลาดการนำส่งข้อมูลประกันภัยเบ็ดเตล็ด,การบันทึกรายการผู้เอาประกันภัย ต้องมีข้อมูลในรายการกรมธรรม์ทึ่ผ่านการบันทึกด้วยเท่านั้น
201,BRVMIS07700,BRVMIS07700 กลุ่มข้อผิดพลาดการนำส่งข้อมูลประกันภัยเบ็ดเตล็ด,การบันทึกรายการกรมธรรม  ข้อมูลผู้เอาประกันภัยต้องถูกต้องสามารถบันทึกได้ทุกคนในกรมธรรม์นั้นๆ
202,BRVMIS07800,BRVMIS07800 กลุ่มข้อผิดพลาดการนำส่งข้อมูลประกันภัยเบ็ดเตล็ด,การบัทึกรายการความคุ้มครอง  ต้องมีข้อมูลในรายการกรมธรรม์ส่งมาด้วยโดยข้อมูลกรมธรรม์นั้นต้องผ่านด้วยเท่านั้น
203,BRVMIS07900,BRVMIS07900 กลุ่มข้อผิดพลาดการนำส่งข้อมูลประกันภัยเบ็ดเตล็ด,การบันทึกรายการกรมธรรม์ ต้องมีรายการรายละเอียดเบ็ดเตล็ดที่ผ่านด้วยเท่านั้น
204,BRVMIS07910,BRVMIS07910 กลุ่มข้อผิดพลาดการนำส่งข้อมูลประกันภัยเบ็ดเตล็ด,การบันทึกรายการรายละเอียดเบ็ดเตล็ด ต้องมีข้อมูลรายการกรมธรรม์ที่ผ่านด้วยเท่านั้น
205,BRVMIS07920,BRVMIS07920 กลุ่มข้อผิดพลาดการนำส่งข้อมูลประกันภัยเบ็ดเตล็ด,การบันทึกรายการรายละเอียดเบ็ดเตล็ด ต้องมีข้อมูลรายการกรมธรรม์ที่ผ่านด้วยเท่านั้น
206,BRVMIS07940,BRVMIS07940 กลุ่มข้อผิดพลาดการนำส่งข้อมูลประกันภัยเบ็ดเตล็ด,การบันทึกรายการกรมธรรม์ ต้องมีรายการรายละเอียดเบ็ดเตล็ดที่ผ่านด้วยเท่านั้น
207,BRVMIS08000,BRVMIS08000 กลุ่มข้อผิดพลาดการนำส่งข้อมูลประกันภัยเบ็ดเตล็ด,MainClass=01 และ SubClass=01 ข้อมูล OccupancyCode ห้ามว่าง  ต้องอ้างอิงตามเอกสารพิกัดอัตราเบี้ยประกันอัคคีภัย  (ลักษณะที่ใช้เป็น)  ได้
208,BRVMIS08100,BRVMIS08100 กลุ่มข้อผิดพลาดการนำส่งข้อมูลประกันภัยเบ็ดเตล็ด,MainClass=01 และ SubClass=03 ข้อมูล OccupancyCode ห้ามว่าง  ต้องอ้างอิงตามเอกสารพิกัดอัตราเบี้ยประกันอัคคีภัย(ลักษณะที่ใช้เป็น) ได้
209,BRVMIS08210,BRVMIS08210 กลุ่มข้อผิดพลาดการนำส่งข้อมูลประกันภัยเบ็ดเตล็ด,MainClass=01 และ SubClass=02 ข้อมูล OccupancyCode ต้องถูกต้องตามพิกัด (ลักษณะภัย และสถานที่ใช้เป็น)
210,BRVMIS08220,BRVMIS08220 กลุ่มข้อผิดพลาดการนำส่งข้อมูลประกันภัยเบ็ดเตล็ด,MainClass=01 และ SubClass=06 ข้อมูล OccupancyCode ต้องถูกต้องตามพิกัด (ลักษณะภัย และสถานที่ใช้เป็น)
211,BRVMIS08230,BRVMIS08230 กลุ่มข้อผิดพลาดการนำส่งข้อมูลประกันภัยเบ็ดเตล็ด,MainClass=01 และ SubClass=07 ข้อมูล OccupancyCode ต้องถูกต้องตามพิกัด (ลักษณะภัย และสถานที่ใช้เป็น)
212,BRVMIS08240,BRVMIS08240 กลุ่มข้อผิดพลาดการนำส่งข้อมูลประกันภัยเบ็ดเตล็ด,MainClass=01 และ SubClass=08 ข้อมูล OccupancyCode ต้องถูกต้องตามพิกัด (ลักษณะภัย และสถานที่ใช้เป็น)
213,BRVMIS08250,BRVMIS08250 กลุ่มข้อผิดพลาดการนำส่งข้อมูลประกันภัยเบ็ดเตล็ด,MainClass=01 และ SubClass=10 ข้อมูล OccupancyCode ต้องถูกต้องตามพิกัด (ลักษณะภัย และสถานที่ใช้เป็น)
214,BRVMIS08260,BRVMIS08260 กลุ่มข้อผิดพลาดการนำส่งข้อมูลประกันภัยเบ็ดเตล็ด,MainClass=02 และ SubClass=01 ข้อมูล OccupancyCode ต้องถูกต้องตามพิกัด (ลักษณะภัย และสถานที่ใช้เป็น)
215,BRVMIS08270,BRVMIS08270 กลุ่มข้อผิดพลาดการนำส่งข้อมูลประกันภัยเบ็ดเตล็ด,MainClass=02 และ SubClass=02 ข้อมูล OccupancyCode ต้องถูกต้องตามพิกัด (ลักษณะภัย และสถานที่ใช้เป็น)
216,BRVMIS08280,BRVMIS08280 กลุ่มข้อผิดพลาดการนำส่งข้อมูลประกันภัยเบ็ดเตล็ด,MainClass=02 และ SubClass=04 ข้อมูล OccupancyCode ต้องถูกต้องตามพิกัด (ลักษณะภัย และสถานที่ใช้เป็น)
217,BRVMIS08290,BRVMIS08290 กลุ่มข้อผิดพลาดการนำส่งข้อมูลประกันภัยเบ็ดเตล็ด,MainClass=02 และ SubClass=05 ข้อมูล OccupancyCode ต้องถูกต้องตามพิกัด (ลักษณะภัย และสถานที่ใช้เป็น)
218,BRVMIS08300,BRVMIS08300 กลุ่มข้อผิดพลาดการนำส่งข้อมูลประกันภัยเบ็ดเตล็ด,MainClass=04 และ SubClass=01 ข้อมูล OccupancyCode ต้องถูกต้องตามพิกัด (ลักษณะภัย และสถานที่ใช้เป็น)
219,BRVMIS08700,BRVMIS08700 กลุ่มข้อผิดพลาดการนำส่งข้อมูลประกันภัยเบ็ดเตล็ด,"MainClass=02 และ SubClass=03 ข้อมูล OccupancyCode ห้ามว่าง  ต้องอ้างอิงตามตาราง 9 ""รหัสประเภทวิชาชีพ"""
220,BRVMIS09000,BRVMIS09000 กลุ่มข้อผิดพลาดการนำส่งข้อมูลประกันภัยเบ็ดเตล็ด,"MainClass=02 และ SubClass=03 ข้อมูล OccupancyCode ห้ามว่าง  ต้องอ้างอิงตามตาราง 7 ""รหัสภัยของหมวดการประกันภัยการติดตั้งเครื่องจักร (EAR) """
221,BRVMIS09100,BRVMIS09100 กลุ่มข้อผิดพลาดการนำส่งข้อมูลประกันภัยเบ็ดเตล็ด,"MainClass=03 และ SubClass=03 ข้อมูล OccupancyCode ห้ามว่าง  ต้องอ้างอิงตามตารางที่ 3  ""ประเภทของทรัพย์สินที่เอาประกันภัย – สำหรับการประกันเครื่องอุปกรณ์อิเล็กทรอนิกส์ (EEI)"""
222,BRVMIS09200,BRVMIS09200 กลุ่มข้อผิดพลาดการนำส่งข้อมูลประกันภัยเบ็ดเตล็ด,"MainClass=03 และ SubClass=03 ข้อมูล OccupancyCode ห้ามว่าง  ต้องอ้างอิงตามตารางที่ 3  ""ประเภทของทรัพย์สินที่เอาประกันภัย – สำหรับการประกันเครื่องอุปกรณ์อิเล็กทรอนิกส์ (EEI)"""
223,BRVMIS09600,BRVMIS09600 กลุ่มข้อผิดพลาดการนำส่งข้อมูลประกันภัยเบ็ดเตล็ด,"ถ้า  RecordNo ต้องการบันทึก Table OH กรมธรรม์ และ สลักหลัง ข้อมูล RecordType =01,02,03  "
224,BRVMIS09601,BRVMIS09601 กลุ่มข้อผิดพลาดการนำส่งข้อมูลประกันภัยเบ็ดเตล็ด,ถ้า RecordType =01 และ  MainClass=01 และ SubClass=05 เท่านั้นที่ข้อมูล FieldString07 สามารถว่างได้
225,BRVMIS09602,BRVMIS09602 กลุ่มข้อผิดพลาดการนำส่งข้อมูลประกันภัยเบ็ดเตล็ด,"ถ้า RecordType =01  ต้องกรอก FieldString07 ห้ามว่าง และต้องถูกต้องตามตารางรหัสจังหวัด, อำเภอ, ตำบล (อ้างอิงตารางที่ 8) กรณีที่เป็นที่อยู่ต่างประเทศให้รายงาน “000000”"
226,BRVMIS09603,BRVMIS09603 กลุ่มข้อผิดพลาดการนำส่งข้อมูลประกันภัยเบ็ดเตล็ด,ถ้า RecordType =01  ต้องกรอก FieldString08 ห้ามว่าง และต้องถูต้องตามรหัสไปรษณีย์ กรณีที่เป็นที่อยู่ต่างประเทศ ให้รายงาน “00000”
227,BRVMIS09604,BRVMIS09604 กลุ่มข้อผิดพลาดการนำส่งข้อมูลประกันภัยเบ็ดเตล็ด,ถ้า RecordType =01  ต้องกรอก FieldString09 ห้ามว่าง และต้องถูกต้องตามรหัสประเทศ (อ้างอิงตารางที่ 10)
228,BRVMIS09701,BRVMIS09701 กลุ่มข้อผิดพลาดการนำส่งข้อมูลประกันภัยเบ็ดเตล็ด,ถ้า RecordType =02  ต้องกรอก FieldString03 ห้ามว่าง และต้องถูกต้องตามเลขตัวถังหรือเลขตัวรถ
229,BRVMIS09702,BRVMIS09702 กลุ่มข้อผิดพลาดการนำส่งข้อมูลประกันภัยเบ็ดเตล็ด,ถ้า RecordType =02  ต้องกรอก FieldString04 ห้ามว่าง และต้องถูกต้องตามข้อมูล ชื่อยี่ห้อรถยนต์เป็นภาษาอังกฤษตัวพิมพ์ใหญ่
230,BRVMIS09703,BRVMIS09703 กลุ่มข้อผิดพลาดการนำส่งข้อมูลประกันภัยเบ็ดเตล็ด,ถ้า RecordType =02  ต้องกรอก FieldString05 ห้ามว่าง และต้องถูกต้องตามข้อมูล ชื่อรุ่นรถยนต์ต้องเป็นภาษาอังกฤษตัวพิมพ์ใหญ่
231,BRVMIS09704,BRVMIS09704 กลุ่มข้อผิดพลาดการนำส่งข้อมูลประกันภัยเบ็ดเตล็ด,ถ้า RecordType =02  ต้องกรอก FieldString06 ห้ามว่าง และต้องถูกต้องตามข้อมูล เลขทะเบียนรถตามที่จดทะเบียน
232,BRVMIS09705,BRVMIS09705 กลุ่มข้อผิดพลาดการนำส่งข้อมูลประกันภัยเบ็ดเตล็ด,ถ้า RecordType =02  ต้องกรอก FieldString07 ห้ามว่าง และต้องถูกต้องตามข้อมูล รหัสจังหวัดตามที่จดทะเบียน อ้างอิงตามตารางที่ 13
233,BRVMIS09706,BRVMIS09706 กลุ่มข้อผิดพลาดการนำส่งข้อมูลประกันภัยเบ็ดเตล็ด,ถ้า RecordType =02  ต้องกรอก FieldString08 ห้ามว่าง และต้องถูกต้องตามข้อมูล รหัสประเทศตามที่จดทะเบียนรถ อ้างอิงตามตารางที่ 10
234,BRVMIS09707,BRVMIS09707 กลุ่มข้อผิดพลาดการนำส่งข้อมูลประกันภัยเบ็ดเตล็ด,ถ้า RecordType =02  ต้องกรอก FieldString09 ห้ามว่าง และต้องถูกต้องตามข้อมูล ปีที่จดทะเบียน 
235,BRVMIS09708,BRVMIS09708 กลุ่มข้อผิดพลาดการนำส่งข้อมูลประกันภัยเบ็ดเตล็ด,ถ้า RecordType =02  ต้องกรอก FieldString09 ห้ามว่าง และต้องถูกต้องตามข้อมูล ปีที่จดทะเบียน ต้องระบุเป็น ค.ศ. 
236,BRVMIS09709,BRVMIS09709 กลุ่มข้อผิดพลาดการนำส่งข้อมูลประกันภัยเบ็ดเตล็ด,ถ้า RecordType =02  ต้องกรอก FieldString09 ห้ามว่าง และต้องถูกต้องตามข้อมูล ปีที่จดทะเบียน ต้องระบุเป็น ค.ศ. 4 หลัก
237,BRVMIS09710,BRVMIS09710 กลุ่มข้อผิดพลาดการนำส่งข้อมูลประกันภัยเบ็ดเตล็ด,ถ้า RecordType =02  ต้องกรอก FieldString10 ห้ามว่าง และต้องถูกต้องตามข้อมูล ขนาดเครื่องยนต์ (CC) หรือ จำนวนที่นั่งของรถ
238,BRVMIS09711,BRVMIS09711 กลุ่มข้อผิดพลาดการนำส่งข้อมูลประกันภัยเบ็ดเตล็ด,ถ้า RecordType =02  ต้องกรอก FieldString11 ห้ามว่าง และต้องถูกต้องตามข้อมูล จำนวนผู้โดยสารที่ได้รับความคุ้มครอง
239,BRVMIS09801,BRVMIS09801 กลุ่มข้อผิดพลาดการนำส่งข้อมูลประกันภัยเบ็ดเตล็ด,ถ้า RecordType =03  ต้องกรอก FieldString03 ห้ามว่าง และต้องถูกต้องตามข้อมูล ชื่อยี่ห้อมือถือเป็นภาษาอังกฤษตัวพิมพ์ใหญ่
240,BRVMIS09802,BRVMIS09802 กลุ่มข้อผิดพลาดการนำส่งข้อมูลประกันภัยเบ็ดเตล็ด,ถ้า RecordType =03  ต้องกรอก FieldString04 ห้ามว่าง และต้องถูกต้องตามข้อมูล ชื่อรุ่นมือถือ
241,BRVMIS09803,BRVMIS09803 กลุ่มข้อผิดพลาดการนำส่งข้อมูลประกันภัยเบ็ดเตล็ด,ถ้า RecordType =03  ต้องกรอก FieldString05 ห้ามว่าง และต้องถูกต้องตามข้อมูล รหัสตัวเครื่องมือถือ
242,BRVMIS09804,BRVMIS09804 กลุ่มข้อผิดพลาดการนำส่งข้อมูลประกันภัยเบ็ดเตล็ด,ถ้า RecordType =03  ต้องกรอก FieldString06 ห้ามว่าง และต้องถูกต้องตามข้อมูล อีมี่ : IMEI
243,BRVMIS09510,BRVMIS09510 กลุ่มข้อผิดพลาดการนำส่งข้อมูลประกันภัยเบ็ดเตล็ด,การบันทึกข้อมูลรายการสลักหลัง  ต้องมีรายการกรมธรรม์ที่ผ่านก่อนแล้วเท่านั้น
244,BRVMIS09520,BRVMIS09520 กลุ่มข้อผิดพลาดการนำส่งข้อมูลประกันภัยเบ็ดเตล็ด,การบันทึกรายการรับ / คืน เบี้ย ต้องมีรายงานกรมธรรม์ที่ผ่านก่อนแล้วเท่านั้น
245,BRVMIS09530,BRVMIS09530 กลุ่มข้อผิดพลาดการนำส่งข้อมูลประกันภัยเบ็ดเตล็ด,การบันทึกรายการสินไหมทดแทน ต้องมีรายงานกรมธรรม์ที่ผ่านก่อนแล้วเท่านั้น
246,BRVMIS09540,BRVMIS09540 กลุ่มข้อผิดพลาดการนำส่งข้อมูลประกันภัยเบ็ดเตล็ด,การบันทึกรายการสินไหมทดแทนรับคืน ต้องมีรายสินไหมทดแทนที่ผ่านก่อนแล้วเท่านั้น
247,BRVMIS09550,BRVMIS09550 กลุ่มข้อผิดพลาดการนำส่งข้อมูลประกันภัยเบ็ดเตล็ด,การบันทึกรายการจ่ายสินไหม ต้องมีรายสินไหมทดแทนที่ผ่านก่อนแล้วเท่านั้น
248,BRVPAH00200,BRVPAH00200 กลุ่มข้อผิดพลาดการนำส่งข้อมูลประกันภัยอุบัติเหตุและสุขภาพ,ถ้า DataType =1 ข้อมูล GrossPremiumAmt >0.0
249,BRVPAH00300,BRVPAH00300 กลุ่มข้อผิดพลาดการนำส่งข้อมูลประกันภัยอุบัติเหตุและสุขภาพ,
250,BRVPAH00400,BRVPAH00400 กลุ่มข้อผิดพลาดการนำส่งข้อมูลประกันภัยอุบัติเหตุและสุขภาพ,"สำหรับกรมธรรม์กลุ่ม
MainClass=06 และ SubClass=""02"",""03"",""09"",""99 ข้อมูล InsuredAddress สามารถว่างได้
MainClass=07 และ SubClass= ""02"",""03"",""99"" ข้อมูล InsuredAddress สามารถว่างได้
MainClass=11 และ SubClass= ""02"",""04"",""06"",""99""  ข้อมูล InsuredAddress สามารถว่างได้
* กรมธรรม์กลุ่มที่สามารถระบุได้ให้ระบุเข้ามาได้ไม่จำเป็นต้องว่าง
"
251,BRVPAH00500,BRVPAH00500 กลุ่มข้อผิดพลาดการนำส่งข้อมูลประกันภัยอุบัติเหตุและสุขภาพ,"สำหรับกรมธรรม์กลุ่ม
MainClass=06 และ SubClass=""02"",""03"",""09"",""99 ข้อมูล nsuredProvinceDistrictSub สามารถว่างได้
MainClass=07 และ SubClass= ""02"",""03"",""99"" ข้อมูล nsuredProvinceDistrictSub สามารถว่างได้
MainClass=11 และ SubClass= ""02"",""04"",""06"",""99""  ข้อมูล nsuredProvinceDistrictSub สามารถว่างได้
* กรมธรรม์กลุ่มที่สามารถระบุได้ให้ระบุเข้ามาได้ไม่จำเป็นต้องว่าง
"
252,BRVPAH00600,BRVPAH00600 กลุ่มข้อผิดพลาดการนำส่งข้อมูลประกันภัยอุบัติเหตุและสุขภาพ,"สำหรับกรมธรรม์กลุ่ม
MainClass=06 และ SubClass=""02"",""03"",""09"",""99 ข้อมูล InsuredZipCode ห้ามว่าง
MainClass=07 และ SubClass= ""02"",""03"",""99"" ข้อมูล InsuredZipCode ห้ามว่าง
MainClass=11 และ SubClass= ""02"",""04"",""06"",""99""  ข้อมูล InsuredZipCode ห้ามว่าง
* กรมธรรม์กลุ่มที่สามารถระบุได้ให้ระบุเข้ามาได้ไม่จำเป็นต้องว่าง
"
253,BRVPAH00700,BRVPAH00700 กลุ่มข้อผิดพลาดการนำส่งข้อมูลประกันภัยอุบัติเหตุและสุขภาพ,"สำหรับกรมธรรม์กลุ่ม
MainClass=06 และ SubClass=""02"",""03"",""09"",""99 ข้อมูล InsuredCountryCode สามารถว่างได้
MainClass=07 และ SubClass= ""02"",""03"",""99"" ข้อมูล InsuredCountryCode สามารถว่างได้
MainClass=11 และ SubClass= ""02"",""04"",""06"",""99""  ข้อมูล InsuredCountryCode สามารถว่างได้
* กรมธรรม์กลุ่มที่สามารถระบุได้ให้ระบุเข้ามาได้ไม่จำเป็นต้องว่าง"
254,BRVPAH00800,BRVPAH00800 กลุ่มข้อผิดพลาดการนำส่งข้อมูลประกันภัยอุบัติเหตุและสุขภาพ,"สำหรับกรมธรรม์กลุ่ม
MainClass=06 และ SubClass=""02"",""03"",""09"",""99 ข้อมูล InsuredCountryCode สามารถว่างได้
MainClass=07 และ SubClass= ""02"",""03"",""99"" ข้อมูล InsuredCitizenId สามารถว่างได้
MainClass=11 และ SubClass= ""02"",""04"",""06"",""99""  ข้อมูล InsuredCitizenId สามารถว่างได้
* กรมธรรม์กลุ่มที่สามารถระบุได้ให้ระบุเข้ามาได้ไม่จำเป็นต้องว่าง"
255,BRVPAH00900,BRVPAH00900 กลุ่มข้อผิดพลาดการนำส่งข้อมูลประกันภัยอุบัติเหตุและสุขภาพ,"สำหรับกรมธรรม์กลุ่ม
MainClass=06 และ SubClass=""01"",""02"",""04""  ข้อมูล OccupationLevel ห้ามว่าง
"
256,BRVPAH01000,BRVPAH01000 กลุ่มข้อผิดพลาดการนำส่งข้อมูลประกันภัยอุบัติเหตุและสุขภาพ,"สำหรับกรมธรรม์กลุ่ม
MainClass=06 และ SubClass=""02"",""03"",""09"",""99 ข้อมูล OccupationCode สามารถว่างได้
MainClass=07 และ SubClass= ""02"",""03"",""99"" ข้อมูล OccupationCode สามารถว่างได้
MainClass=11 และ SubClass= ""02"",""04"",""06"",""99""  ข้อมูล OccupationCode สามารถว่างได้
* กรมธรรม์กลุ่มที่สามารถระบุได้ให้ระบุเข้ามาได้ไม่จำเป็นต้องว่าง
"
257,BRVPAH01100,BRVPAH01100 กลุ่มข้อผิดพลาดการนำส่งข้อมูลประกันภัยอุบัติเหตุและสุขภาพ,"สำหรับกรมธรรม์กลุ่ม
MainClass=06 และ SubClass=""01"",""02"",""04""  ข้อมูล InsuredBirthday ห้ามว่าง
"
258,BRVPAH01200,BRVPAH01200 กลุ่มข้อผิดพลาดการนำส่งข้อมูลประกันภัยอุบัติเหตุและสุขภาพ,"สำหรับกรมธรรม์กลุ่ม
MainClass=06 และ SubClass=""01"",""02"",""04""  ข้อมูล InsuredGender ห้ามว่าง
"
259,BRVPAH01300,BRVPAH01300 กลุ่มข้อผิดพลาดการนำส่งข้อมูลประกันภัยอุบัติเหตุและสุขภาพ,ถ้า InsuredNameช <> Beneficiary1 ข้อมูล RelationInsuredBeneficiary1 ห้ามว่าง
260,BRVPAH01400,BRVPAH01400 กลุ่มข้อผิดพลาดการนำส่งข้อมูลประกันภัยอุบัติเหตุและสุขภาพ,"MainClass=06 และ SubClass=""03"",""09"",""99 ข้อมูล OccupationCode สามารถว่างได้
MainClass=07 และ SubClass= ""03"",""99"" ข้อมูล OccupationCode สามารถว่างได้
MainClass=11 และ SubClass= ,""99""  ข้อมูล OccupationCode สามารถว่างได้
"
261,BRVPAH02500,BRVPAH02500 กลุ่มข้อผิดพลาดการนำส่งข้อมูลประกันภัยอุบัติเหตุและสุขภาพ,"MainClass=06 และ SubClass=""08"",ข้อมูล  ShipType ห้ามว่าง"
262,BRVPAH02900,BRVPAH02900 กลุ่มข้อผิดพลาดการนำส่งข้อมูลประกันภัยอุบัติเหตุและสุขภาพ,ข้อมูลสลักหลัง ต้องเคยมี้อมูล PolicyNumber  ต้องเคยมรอยู่แล้วในระบบ IBS หรือหากส่งข้อมูลข้อมูลเข้ามาในรอบเดียวกัน ข้อมูลกรมธรรม์ต้องไม่ Error 
263,BRVPAH03000,BRVPAH03000 กลุ่มข้อผิดพลาดการนำส่งข้อมูลประกันภัยอุบัติเหตุและสุขภาพ,ถ้า EndorsementSeq =0 ข้อมูล GrossPremiumAmt >0.0
264,BRVPAH03100,BRVPAH03100 กลุ่มข้อผิดพลาดการนำส่งข้อมูลประกันภัยอุบัติเหตุและสุขภาพ,"ถ้ารายการสลักหลัง DataType =2 ,7 ข้อมูล GrossPremiumAmt >=0.0"
265,BRVPAH03200,BRVPAH03200 กลุ่มข้อผิดพลาดการนำส่งข้อมูลประกันภัยอุบัติเหตุและสุขภาพ,"ถ้ารายการสลักหลัง  DataType =3 ,8 ข้อมูล GrossPremiumAmt <=0.0"
266,BRVPAH03300,BRVPAH03300 กลุ่มข้อผิดพลาดการนำส่งข้อมูลประกันภัยอุบัติเหตุและสุขภาพ,"ถ้ารายการสลักหลัง  DataType =4 ,5 ข้อมูล GrossPremiumAmt =0.0"
267,BRVPAH03400,BRVPAH03400 กลุ่มข้อผิดพลาดการนำส่งข้อมูลประกันภัยอุบัติเหตุและสุขภาพ,ถ้ารายการสลักหลัง  DataType =6  ข้อมูล GrossPremiumAmt <0
268,BRVPAH03500,BRVPAH03500 กลุ่มข้อผิดพลาดการนำส่งข้อมูลประกันภัยอุบัติเหตุและสุขภาพ,"ประเภทของขนส่ง ห้ามกำหนดเป็นค่าว่าง กรณีประเภทกรมธรรม์ประกันภัย=""CA"",""CS"",""CT"""
269,BRVPAH03600,BRVPAH03600 กลุ่มข้อผิดพลาดการนำส่งข้อมูลประกันภัยอุบัติเหตุและสุขภาพ,ถ้า DataType <>  1   ข้อมูล Endorsement  EffectiveDate ต้องค่าไม่ว่าง
270,BRVPAH03800,BRVPAH03800 กลุ่มข้อผิดพลาดการนำส่งข้อมูลประกันภัยอุบัติเหตุและสุขภาพ,"การส่งรายงานสินไหม  ต้องมีรายการกรมธรรม์ที่ผ่านในระบบ ( PolicyNumber ,ShipSeq)"
271,BRVPAH04000,BRVPAH04000 กลุ่มข้อผิดพลาดการนำส่งข้อมูลประกันภัยอุบัติเหตุและสุขภาพ,"ถ้า ClaimGroup =""CP"" , ""CS"" ,""CR"" ข้อมูล ClaimAmt <0.0"
272,BRVPAH04100,BRVPAH04100 กลุ่มข้อผิดพลาดการนำส่งข้อมูลประกันภัยอุบัติเหตุและสุขภาพ,"ถ้า ClaimGroup =""P"" , ""S""  ข้อมูล ClaimAmt <0.0"
273,BRVPAH04200,BRVPAH04200 กลุ่มข้อผิดพลาดการนำส่งข้อมูลประกันภัยอุบัติเหตุและสุขภาพ,ถ้า ClaimType=2 ต้องมีรายการ ClaimType=1 (ClaimNumber) อยู่แล้ว
274,BRVPAH04300,BRVPAH04300 กลุ่มข้อผิดพลาดการนำส่งข้อมูลประกันภัยอุบัติเหตุและสุขภาพ,ถ้า ClaimType=3 ต้องมีรายการ ClaimType=2 (ClaimNumber) อยู่แล้ว
275,BRVPAH04400,BRVPAH04400 กลุ่มข้อผิดพลาดการนำส่งข้อมูลประกันภัยอุบัติเหตุและสุขภาพ,"การบันทึกรายการสินไหม ClaimGroup =""CP"" , ""CS"" ต้องมี ClaimGroup =""P"" , ""S"" (ClaimNumber,ClaimSeq)  เดิมอยู่แล้ว"
276,BRVPAH05100,BRVPAH05100 กลุ่มข้อผิดพลาดการนำส่งข้อมูลประกันภัยอุบัติเหตุและสุขภาพ,การบันทึกรายการผู้ประสบภัยต้องมีข้อมูลในรายการกรมธรรม์ส่งมาด้วย
277,BRVPAH07000,BRVPAH07000 กลุ่มข้อผิดพลาดการนำส่งข้อมูลประกันภัยอุบัติเหตุและสุขภาพ,การบันทึกข้อมูลรายการกรมธรรม์ ต้องมีข้อมูลผู้เอาประกันภัยอย่างน้อย 1คน
278,BRVPAH07100,BRVPAH07100 กลุ่มข้อผิดพลาดการนำส่งข้อมูลประกันภัยอุบัติเหตุและสุขภาพ,การบันทึกข้อมูลรายการผู้เอาประกันภัย ต้องมีข้อมูลในรายการกรมธรรม์ส่งมาด้วยเท่านั้น
279,BRVPAH07200,BRVPAH07200 กลุ่มข้อผิดพลาดการนำส่งข้อมูลประกันภัยอุบัติเหตุและสุขภาพ,การบันทึกข้อมูลรายการความคุ้มครอง ต้องมีข้อมูลในรายการกรมธรรม์ส่งมาด้วยเท่านั้น
280,BRVPAH07300,BRVPAH07300 กลุ่มข้อผิดพลาดการนำส่งข้อมูลประกันภัยอุบัติเหตุและสุขภาพ,การบันทึกข้อมูลรายการกรมธรรม์ ต้องมีข้อมูลในรายการความคุ้มครองส่งมาด้วยเท่านั้น
281,BRVPAH07500,BRVPAH07500 กลุ่มข้อผิดพลาดการนำส่งข้อมูลประกันภัยอุบัติเหตุและสุขภาพ,การบันทึกข้อมูลรายการกรมธรรม์  ข้อมูลผู้เอาประกันภัยต้องถูกต้องสามารถบันทึกได้ทุกคนในกรมธรรม์นั้นๆ
282,BRVPAH07600,BRVPAH07600 กลุ่มข้อผิดพลาดการนำส่งข้อมูลประกันภัยอุบัติเหตุและสุขภาพ,การบันทึกรายการผู้เอาประกันภัย ต้องมีข้อมูลในรายการกรมธรรม์ทึ่ผ่านการบันทึกด้วยเท่านั้น
283,BRVPAH07700,BRVPAH07700 กลุ่มข้อผิดพลาดการนำส่งข้อมูลประกันภัยอุบัติเหตุและสุขภาพ,การบันทึกข้อมูลรายการกรมธรรม์ ข้อมูลในรายการความคุ้มครองที่ส่งมาต้องผ่านการตรวจสอบเท่านั้น
284,BRVPAH07800,BRVPAH07800 กลุ่มข้อผิดพลาดการนำส่งข้อมูลประกันภัยอุบัติเหตุและสุขภาพ,การบันทึกข้อมูลรายการความคุ้มครอง ข้อมูลในรายการกรมธรรม์ที่ส่งมาต้องผ่านการตรวจสอบเท่านั้น
285,BRVPAH09510,BRVPAH09510 กลุ่มข้อผิดพลาดการนำส่งข้อมูลประกันภัยอุบัติเหตุและสุขภาพ,การบันทึกข้อมูลรายการสลักหลัง  ต้องมีรายการกรมธรรม์ที่ผ่านก่อนแล้วเท่านั้น
286,BRVPAH09520,BRVPAH09520 กลุ่มข้อผิดพลาดการนำส่งข้อมูลประกันภัยอุบัติเหตุและสุขภาพ,การบันทึกรายการรับ / คืน เบี้ย ต้องมีรายงานกรมธรรม์ที่ผ่านก่อนแล้วเท่านั้น
287,BRVPAH09530,BRVPAH09530 กลุ่มข้อผิดพลาดการนำส่งข้อมูลประกันภัยอุบัติเหตุและสุขภาพ,การบันทึกรายการสินไหมทดแทน ต้องมีรายงานกรมธรรม์ที่ผ่านก่อนแล้วเท่านั้น
288,BRVPAH09540,BRVPAH09540 กลุ่มข้อผิดพลาดการนำส่งข้อมูลประกันภัยอุบัติเหตุและสุขภาพ,การบันทึกรายการสินไหมทดแทนรับคืน ต้องมีรายสินไหมทดแทนที่ผ่านก่อนแล้วเท่านั้น
289,BRVPAH09550,BRVPAH09550 กลุ่มข้อผิดพลาดการนำส่งข้อมูลประกันภัยอุบัติเหตุและสุขภาพ,การบันทึกรายการจ่ายสินไหม ต้องมีรายสินไหมทดแทนที่ผ่านก่อนแล้วเท่านั้น
290,BRVPAH09560,BRVPAH09560 กลุ่มข้อผิดพลาดการนำส่งข้อมูลประกันภัยอุบัติเหตุและสุขภาพ,รายการผู้ประสบภัยไม่ผ่านการตรวจสอบเนื่องจากรายการสินไหมทดแทนพบข้อผิดพลาดต้องแก้ไขรายการสินไหมให้ถูกต้อง
291,BRVMOT00100,BRVMOT00100 กลุ่มข้อผิดพลาดการนำส่งข้อมูลประกันภัยรถยนต์,วันที่เริ่มคุ้มครอง (EffectiveDate)  >  วันที่ปัจุบัน (Sysdate)  เกิน 2 ปี 
292,BRVMOT00300,BRVMOT00300 กลุ่มข้อผิดพลาดการนำส่งข้อมูลประกันภัยรถยนต์,ระบุค่า  BasePremium  ต้องมากกว่า 0
293,BRVMOT00400,BRVMOT00400 กลุ่มข้อผิดพลาดการนำส่งข้อมูลประกันภัยรถยนต์,"MC = VehicleType <> '4.01'  and VechicleLicenseNo ห้ามเป็นค่าว่าง
MV = VehicleType <> '801'  and VechicleLicenseNo ห้ามเป็นค่าว่าง
"
294,BRVMOT00500,BRVMOT00500 กลุ่มข้อผิดพลาดการนำส่งข้อมูลประกันภัยรถยนต์,"MV (VehicleType) in '110','120','610','620','630','802','730',  VehSize  ห้ามเป็นค่าว่าง"
295,BRVMOT00600,BRVMOT00600 กลุ่มข้อผิดพลาดการนำส่งข้อมูลประกันภัยรถยนต์,"(VehicleType) in  '210','220','230' ,  VehSeat ห้ามเป็นค่าว่าง"
296,BRVMOT00700,BRVMOT00700 กลุ่มข้อผิดพลาดการนำส่งข้อมูลประกันภัยรถยนต์,"MV (VehicleType) in '310','320','340' ,'420' ,'520' ,'540','803','804','805' ต้องระบุน้ำหนักบรรทุก (VehWeight) ห้ามเป็นค่าว่าง"
297,BRVMOT01600,BRVMOT01600 กลุ่มข้อผิดพลาดการนำส่งข้อมูลประกันภัยรถยนต์,ถ้ามีการระบุค่า (EX04Premium>0 )  EX04TerritoryCountry  ต้องระบุค่าด้วย
298,BRVMOT01700,BRVMOT01700 กลุ่มข้อผิดพลาดการนำส่งข้อมูลประกันภัยรถยนต์,"รายการในแฟ้ม กรมธรรม์ความคุ้มครองพิเศษ ต้องมีข้อมูลในตารางกรมธรรม์ในฐาน  IBS  ซึ่งพิจารณารายการคีย์หลักของข้อมูลตามโครงสร้าง Key = CompanyCode,PolicyNo, FleetNo,FleetSeq"
299,BRVMOT01800,BRVMOT01800 กลุ่มข้อผิดพลาดการนำส่งข้อมูลประกันภัยรถยนต์,"รายการในแฟ้ม สลักหลังความคุ้มครองพิเศษ ต้องมีข้อมูลในตารางสลักหลังในฐาน  IBS  ซึ่งพิจารณารายการคีย์หลักของข้อมูลตามโครงสร้าง Key = CompanyCode,PolicyNo, FleetNo,FleetSeq,EndorsementNumber"
300,BRVMOT02100,BRVMOT02100 กลุ่มข้อผิดพลาดการนำส่งข้อมูลประกันภัยรถยนต์,ต้องนำส่งข้อมูลกรมธรรม์มาก่อนรายการรับ / คืนเบี้ยเสมอ อาจเป็นไปได้ว่า คีย์หลักของข้อมูลอาจไม่ตรงกัน
301,BRVMOT02200,BRVMOT02200 กลุ่มข้อผิดพลาดการนำส่งข้อมูลประกันภัยรถยนต์,ต้องนำส่งข้อมูลสลักหลังมาก่อนรายการกรมธรรม์เสมอ อาจเป็นไปได้ว่า คีย์หลักของข้อมูลอาจไม่ตรงกัน
302,BRVMOT02300,BRVMOT02300 กลุ่มข้อผิดพลาดการนำส่งข้อมูลประกันภัยรถยนต์,"กรณีที่เป็นสลักหลังเพิ่มรถยนต์ที่เอาประกัน (EndorsementType = '09')   , ตรวจสอบ  Key  ดังต่อไปนี้ CompanyCode,PolicyNo, FleetNo,FleetSeq ต้องไม่ซ้ำกับในฐาน IBS  เนื่องจากเป็นการเพิ่มรถยนต์คันที่เอาประกัน"
303,BRVMOT02400,BRVMOT02400 กลุ่มข้อผิดพลาดการนำส่งข้อมูลประกันภัยรถยนต์,รายการในแฟ้มสินไหม ต้องมีการนำส่งข้อมูลกรมธรรม์มาในฐาน  IBS  ก่อนเสมอ อาจเป็นไปได้ว่า คีย์หลักของข้อมูลอาจไม่ตรงกัน
304,BRVMOT02500,BRVMOT02500 กลุ่มข้อผิดพลาดการนำส่งข้อมูลประกันภัยรถยนต์,รายการสินไหมที่นำส่ง ซ้ำกับข้อมูลในฐาน  IBS  ต้อตรวจสอบคีย์หลักของข้อมูล  ต้อไม่ซ้ำกัน
305,BRVMOT02600,BRVMOT02600 กลุ่มข้อผิดพลาดการนำส่งข้อมูลประกันภัยรถยนต์,มีการนำส่งรายการสินไหม OD  แต่ไม่พบข้อมูลรายละเอียดอุบัติเหตุ มาในการนำส่งครั้งนั้น ซึ่งพิจารณาจากคีย์หลักของข้อมูลตามเอกสารโครงสร้าง
306,BRVMOT02700,BRVMOT02700 กลุ่มข้อผิดพลาดการนำส่งข้อมูลประกันภัยรถยนต์,มีการนำส่งรายการสินไหม TPPD  แต่ไม่พบข้อมูลรายละเอียดอุบัติเหตุ มาในการนำส่งครั้งนั้น ซึ่งพิจารณาจากคีย์หลักของข้อมูลตามเอกสารโครงสร้าง
307,BRVMOT02800,BRVMOT02800 กลุ่มข้อผิดพลาดการนำส่งข้อมูลประกันภัยรถยนต์,มีการนำส่งรายการสินไหม TPBI  แต่ไม่พบข้อมูลรายละเอียดอุบัติเหตุ มาในการนำส่งครั้งนั้น ซึ่งพิจารณาจากคีย์หลักของข้อมูลตามเอกสารโครงสร้าง
308,BRVMOT02900,BRVMOT02900 กลุ่มข้อผิดพลาดการนำส่งข้อมูลประกันภัยรถยนต์,มีการนำส่งรายการสินไหมความคุ้มครองเพิ่มเติมI  แต่ไม่พบข้อมูลรายละเอียดอุบัติเหตุ มาในการนำส่งครั้งนั้น ซึ่งพิจารณาจากคีย์หลักของข้อมูลตามเอกสารโครงสร้าง
309,BRVMOT03010,BRVMOT03010 กลุ่มข้อผิดพลาดการนำส่งข้อมูลประกันภัยรถยนต์,"การบันทึกรายการสินไหม ClaimGroup =""CP""  ต้องมี ClaimGroup =""P"" ,  (ClaimNumber,ClaimSeq)  เดิมอยู่แล้ว"
310,BRVMOT03030,BRVMOT03030 กลุ่มข้อผิดพลาดการนำส่งข้อมูลประกันภัยรถยนต์,"ถ้า ClaimGroup =""CP""  ข้อมูล ClaimAmt <0"
311,BRVMOT03040,BRVMOT03040 กลุ่มข้อผิดพลาดการนำส่งข้อมูลประกันภัยรถยนต์,"ถ้า ClaimGroup =""CS"" ข้อมูล ClaimAmt <0"
312,BRVMOT03050,BRVMOT03050 กลุ่มข้อผิดพลาดการนำส่งข้อมูลประกันภัยรถยนต์,"ถ้า ClaimGroup =""P"" ข้อมูล ClaimAmt >1"
313,BRVMOT03060,BRVMOT03060 กลุ่มข้อผิดพลาดการนำส่งข้อมูลประกันภัยรถยนต์,"ถ้า ClaimGroup =""S"" ข้อมูล ClaimAmt >1"
314,BRVMOT03070,BRVMOT03070 กลุ่มข้อผิดพลาดการนำส่งข้อมูลประกันภัยรถยนต์,ถ้า ClaimType=2 ข้อมูล ต้องมีข้อมูล ClaimNumber ที่เป็น ClaimType=1 อยู่แล้วเท่านั้น ClaimNumber ในตารางสินไหม (4)
315,BRVMOT03080,BRVMOT03080 กลุ่มข้อผิดพลาดการนำส่งข้อมูลประกันภัยรถยนต์,ถ้า ClaimType=3 ข้อมูล ต้องมีข้อมูล ClaimNumber ที่เป็น ClaimType=2 อยู่แล้วเท่านั้น ClaimNumber ในตารางสินไหม (4)
316,BRVMOT03100,BRVMOT03100 กลุ่มข้อผิดพลาดการนำส่งข้อมูลประกันภัยรถยนต์,ในแฟ้มรายละเอียดอุบัติเหตุ (ODFTTotalAmt  > 0)  ต้องนำส่งข้อมูล (ODTotalAmt  >0)  ในแฟ้มสินไหมทดแทน OD&FT
317,BRVMOT03200,BRVMOT03200 กลุ่มข้อผิดพลาดการนำส่งข้อมูลประกันภัยรถยนต์,ในแฟ้มรายละเอียดอุบัติเหตุ (ODFTTotalAmt  > 0) แต่ไม่มีการนำส่งข้อมูล (FireTotalAmt >0 ) ในแฟ้มสินไหมทดแทน OD&FT
318,BRVMOT03300,BRVMOT03300 กลุ่มข้อผิดพลาดการนำส่งข้อมูลประกันภัยรถยนต์,ในแฟ้มรายละเอียดอุบัติเหตุ (ODFTTotalAmt  > 0) ต้องนำส่งข้อมูล (TheftTotalAmt >0)  ในแฟ้มสินไหมทดแทน OD&FT
319,BRVMOT03400,BRVMOT03400 กลุ่มข้อผิดพลาดการนำส่งข้อมูลประกันภัยรถยนต์,ในแฟ้มรายละเอียดอุบัติเหตุ (TPPDTotalAmt  > 0)  ผลรวมค่าสินไหมในแฟ้มสินไหม TPPD (TPPDRepairAmt + TPPDSparePartsAmt + TPPDOtherAmt + TPPDAssetAmt) ต้องระบุค่า
320,BRVMOT03500,BRVMOT03500 กลุ่มข้อผิดพลาดการนำส่งข้อมูลประกันภัยรถยนต์,ในแฟ้มรายละเอียดอุบัติเหตุ (TPBITotalAmt  > 0)   ผลรวมค่าสินไหมในแฟ้มสินไหม TPBI  (TPBIMedicalAmt + TPBIHealthAmt  + TPBIDeathAmt) ต้องระบุค่า
321,BRVMOT03600,BRVMOT03600 กลุ่มข้อผิดพลาดการนำส่งข้อมูลประกันภัยรถยนต์,ในแฟ้มรายละเอียดอุบัติเหตุ (EX01TotalAmt  > 0)   จะต้องนำส่งนำส่งข้อมูล (EX01DeathAmt + EX01DismembermentAmt +EX01PermanentAmt +EX01TemporaryAmt > 0) ในแฟ้มสินไหมทดแทนเพิ่มเติม
322,BRVMOT03700,BRVMOT03700 กลุ่มข้อผิดพลาดการนำส่งข้อมูลประกันภัยรถยนต์,ในแฟ้มรายละเอียดอุบัติเหตุ (EX02TotalAmt  > 0)   จะต้องนำส่งนำส่งข้อมูล (Ex02ClaimAmt > 0) ในแฟ้มสินไหมทดแทนเพิ่มเติม
323,BRVMOT03800,BRVMOT03800 กลุ่มข้อผิดพลาดการนำส่งข้อมูลประกันภัยรถยนต์,ในแฟ้มรายละเอียดอุบัติเหตุ (EX03TotalAmt  > 0)   จะต้องนำส่งนำส่งข้อมูล (Ex03ClaimAmt > 0) ในแฟ้มสินไหมทดแทนเพิ่มเติม
324,BRVMOT04200,BRVMOT04200 กลุ่มข้อผิดพลาดการนำส่งข้อมูลประกันภัยรถยนต์,ผลรวมจำนวนสินไหมทดแทน TPPD (TPPDTotalAmt) สำหรับ 1 รายการสินไหม ต้องไม่เกินทุนประกันภัย TPPD <= (TPPDSIAmt) ในแฟ้มกรมธรรม์
325,BRVMOT04300,BRVMOT04300 กลุ่มข้อผิดพลาดการนำส่งข้อมูลประกันภัยรถยนต์,ผลรวมจำนวนสินไหมทดแทน TPBI ต่อครั้ง สำหรับ 1 รายการสินไหม ต้องไม่เกินทุนประกันภัย TPBI ต่อครั้ง <= (TPBISIEventAmt) ในแฟ้มกรมธรรม์
326,BRVMOT04400,BRVMOT04400 กลุ่มข้อผิดพลาดการนำส่งข้อมูลประกันภัยรถยนต์,ผลรวมจำนวนสินไหมทดแทน TPBI ต่อคน (TPBITotalAmt)  สำหรับ 1 รายการสินไหม ต้องไม่เกินทุนประกันภัย TPPBI ต่อคน <= (TPBISIPersonAmt) ในแฟ้มกรมธรรม์
327,BRVMOT04500,BRVMOT04500 กลุ่มข้อผิดพลาดการนำส่งข้อมูลประกันภัยรถยนต์,ตรวจสอบรหัสประเทศที่ขยายอาณาเขต (EX04TerritoryCountry)  ให้ถูกต้องตารางอ้างอิง
328,BRVMOT04700,BRVMOT04700 กลุ่มข้อผิดพลาดการนำส่งข้อมูลประกันภัยรถยนต์,รายการในแฟ้ม สินไหมความคุ้มครองพิเศษ ต้องมีข้อมูลในตารางรายละเอียดอุบัติเหตุในฐาน  IBS  ซึ่งพิจารณารายการคีย์หลักของ อาจเป็นไปได้ว่า คีย์หลักของข้อมูลอาจไม่ตรงกัน หรือ มีการนำส่งข้อมูลไม่ครบถ้วนข้อมูลตามโครงสร้าง
329,BRVMOT04900,BRVMOT04900 กลุ่มข้อผิดพลาดการนำส่งข้อมูลประกันภัยรถยนต์,รายการในแฟ้ม จ่ายสินไหม ต้องมีข้อมูลในตารางรายละเอียดอุบัติเหตุในฐาน  IBS  ซึ่งพิจารณารายการคีย์หลักของข้อมูลตามโครงสร้าง อาจเป็นไปได้ว่า คีย์หลักของข้อมูลอาจไม่ตรงกัน หรือ มีการนำส่งข้อมูลไม่ครบถ้วน
330,BRVMOT05000,BRVMOT05000 กลุ่มข้อผิดพลาดการนำส่งข้อมูลประกันภัยรถยนต์,รายการในแฟ้มผู้ประสบภัย ต้องมีข้อมูลในตารางรายละเอียดอุบัติเหตุในฐาน  IBS  ซึ่งพิจารณารายการคีย์หลักของข้อมูลตามโครงสร้าง อาจเป็นไปได้ว่า คีย์หลักของข้อมูลอาจไม่ตรงกัน หรือ มีการนำส่งข้อมูลไม่ครบถ้วน
331,BRVMOT05100,BRVMOT05100 กลุ่มข้อผิดพลาดการนำส่งข้อมูลประกันภัยรถยนต์,รายการในแฟ้มผู้ประสบภัย ต้องมีข้อมูลในตารางรายละเอียดอุบัติเหตุในฐาน  IBS  ซึ่งพิจารณารายการคีย์หลักของข้อมูลตามโครงสร้าง อาจเป็นไปได้ว่า คีย์หลักของข้อมูลอาจไม่ตรงกัน หรือ มีการนำส่งข้อมูลไม่ครบถ้วน
332,BRVMOT05200,BRVMOT05200 กลุ่มข้อผิดพลาดการนำส่งข้อมูลประกันภัยรถยนต์,รายการในแฟ้มรับ / คืนเบี้ย ต้องมีข้อมูลในตารางสลักหลังในฐาน  IBS  ซึ่งพิจารณารายการคีย์หลักของข้อมูลตามโครงสร้าง อาจเป็นไปได้ว่า คีย์หลักของข้อมูลอาจไม่ตรงกัน หรือ มีการนำส่งข้อมูลไม่ครบถ้วน
333,BRVMOT05210,BRVMOT05210 กลุ่มข้อผิดพลาดการนำส่งข้อมูลประกันภัยรถยนต์,รายการในแฟ้มรับ/คืนเบี้ยต้องมีข้อมูลในตารางกรมธรรม์ในฐาน IBS ซึ่งพิจารณารายการคีย์หลักของข้อมูลตามโครงสร้าง อาจเป็นไปได้ว่าคีย์หลักของข้อมูลอาจไม่ตรงกันหรือมีการนำส่งข้อมูลไม่ครบถ้วน
334,BRVMOT05300,BRVMOT05300 กลุ่มข้อผิดพลาดการนำส่งข้อมูลประกันภัยรถยนต์,รายการในแฟ้มรับ / คืนเบี้ย ต้องมีข้อมูลในตารางสลักหลังในฐาน  IBS  ซึ่งพิจารณารายการคีย์หลักของข้อมูลตามโครงสร้าง อาจเป็นไปได้ว่า คีย์หลักของข้อมูลอาจไม่ตรงกัน หรือ มีการนำส่งข้อมูลไม่ครบถ้วน
335,BRVMOT05400,BRVMOT05400 กลุ่มข้อผิดพลาดการนำส่งข้อมูลประกันภัยรถยนต์,สถานะของการส่งข้อมูลในแฟ้มรายการับ / คืนเบี้ย เป็นยกเลิก แต่ไม่พบข้อมูลของรายการกรมธรรม์ที่ต้องการยกเลิก ซึ่งพิจารณารายการคีย์หลักของข้อมูลตามโครงสร้าง อาจเป็นไปได้ว่า คีย์หลักของข้อมูลอาจไม่ตรงกัน หรือ มีการนำส่งข้อมูลไม่ครบถ้วน
336,BRVMOT05500,BRVMOT05500 กลุ่มข้อผิดพลาดการนำส่งข้อมูลประกันภัยรถยนต์,มีการนำส่งข้อมูลซ้ำกับในฐานข้อมูล ซึ่งพิจารณารายการคีย์หลักของข้อมูลตามโครงสร้าง
337,BRVMOT05510,BRVMOT05510 กลุ่มข้อผิดพลาดการนำส่งข้อมูลประกันภัยรถยนต์,รายการในแฟ้มรับ / คืนเบี้ย ต้องมีข้อมูลในตารางกรมธรรม์ในฐาน  IBS  ซึ่งพิจารณารายการคีย์หลักของข้อมูลตามโครงสร้าง อาจเป็นไปได้ว่า คีย์หลักของข้อมูลอาจไม่ตรงกัน หรือ มีการนำส่งข้อมูลไม่ครบถ้วน
338,BRVMOT05520,BRVMOT05520 กลุ่มข้อผิดพลาดการนำส่งข้อมูลประกันภัยรถยนต์,มีการนำส่งข้อมูลซ้ำกับในฐานข้อมูล ซึ่งพิจารณารายการคีย์หลักของข้อมูลตามโครงสร้าง
339,BRVMOT05700,BRVMOT05700 กลุ่มข้อผิดพลาดการนำส่งข้อมูลประกันภัยรถยนต์,รายการในแฟ้มสลักหลังต้องมีข้อมูลในตารางกรมธรรม์ในฐาน  IBS ก่อนเสมอ ซึ่งพิจารณารายการคีย์หลักของข้อมูลตามโครงสร้าง อาจเป็นไปได้ว่า คีย์หลักของข้อมูลอาจไม่ตรงกัน หรือ มีการนำส่งข้อมูลไม่ครบถ้วน
340,BRVMOT05900,BRVMOT05900 กลุ่มข้อผิดพลาดการนำส่งข้อมูลประกันภัยรถยนต์,หมายเลขกรมธรรม์ในข้อมูลสินไหม ค้นหาข้อมูลรายการกรมธรรม์ไม่พบในฐาน IBS อาจเป็นไปได้ว่า คีย์หลักของข้อมูลอาจไม่ตรงกัน หรือ มีการนำส่งข้อมูลไม่ครบถ้วน
341,BRVMOT06000,BRVMOT06000 กลุ่มข้อผิดพลาดการนำส่งข้อมูลประกันภัยรถยนต์,มีการนำส่งข้อมูลซ้ำกับในฐานข้อมูล ซึ่งพิจารณารายการคีย์หลักของข้อมูลตามโครงสร้าง
342,BRVMOT06010,BRVMOT06010 กลุ่มข้อผิดพลาดการนำส่งข้อมูลประกันภัยรถยนต์,"รายการสลักหลัง ร.ย. 09  ต้องระบุค่าบาร์โค้ด EndorsementType ='04' , BarCode  ห้ามว่าง"
343,BRVMOT06020,BRVMOT06020 กลุ่มข้อผิดพลาดการนำส่งข้อมูลประกันภัยรถยนต์,"รายการสลักหลัง ร.ย.07 , 08 , 12, 26 , 27 ,28 ต้องระบุค่ารหัสประเภทกรมธรรม์ EndorsementType  ('07,'08','12','27')  , PolicyType  ห้ามว่าง"
344,BRVMOT06030,BRVMOT06030 กลุ่มข้อผิดพลาดการนำส่งข้อมูลประกันภัยรถยนต์,"รายการสลักหลัง ร.ย.09 รหัสแบบกรมธรรม์ประกันภัยที่ได้รับความเห็นชอบจากคปภ. ต้องระบุค่า  EndorsementType   ='09' ,  OICPolicyType  ห้ามเป็นค่าว่าง"
345,BRVMOT06060,BRVMOT06060 กลุ่มข้อผิดพลาดการนำส่งข้อมูลประกันภัยรถยนต์,"รายการสลักหลัง ร.ย.09, 23 ต้องระบุค่า ประเภทผู้เอาประกันภัย EndorsementType  in ('09','23')  , InsuredType  ห้ามเป็นค่าว่าง"
346,BRVMOT06050,BRVMOT06050 กลุ่มข้อผิดพลาดการนำส่งข้อมูลประกันภัยรถยนต์,"รายการสลักหลัง ร.ย. 09 , 23 ชื่อผู้เอาประกันภัยต้องระบุค่า EndorsementType  in ('09','23')  , InsuredName  ห้ามเป็นค่าว่าง"
347,BRVMOT06060,BRVMOT06060 กลุ่มข้อผิดพลาดการนำส่งข้อมูลประกันภัยรถยนต์,"รายการสลักหลัง ร.ย. 09 , 23 ที่อยู่ผู้เอาประกันภัยต้องระบุค่า EndorsementType  in ('09','23')  , InsuredAddress  ห้ามเป็นค่าว่าง"
348,BRVMOT06070,BRVMOT06070 กลุ่มข้อผิดพลาดการนำส่งข้อมูลประกันภัยรถยนต์,"รายการสลักหลัง ร.ย. 09 , 23 รหัสจังหวัด,อำเภอ,ตำบลต้องระบุค่า EndorsementType  in ('09','23')  , InsuredProvinceDistrictSub  ห้ามเป็นค่าว่าง"
349,BRVMOT06080,BRVMOT06080 กลุ่มข้อผิดพลาดการนำส่งข้อมูลประกันภัยรถยนต์,"รายการสลักหลัง ร.ย. 09 , 23 รหัสไปรษณีย์ต้องระบุค่า EndorsementType  in ('09','23')  , InsuredZipCode  ห้ามเป็นค่าว่าง"
350,BRVMOT06090,BRVMOT06090 กลุ่มข้อผิดพลาดการนำส่งข้อมูลประกันภัยรถยนต์,"รายการสลักหลัง ร.ย. 09 , 23 ประเทศต้องระบุค่า EndorsementType  in ('09','23')  , InsuredCountryCode  ห้ามเป็นค่าว่าง"
351,BRVMOT06100,BRVMOT06100 กลุ่มข้อผิดพลาดการนำส่งข้อมูลประกันภัยรถยนต์,"รายการสลักหลัง ร.ย.09 , 23 อาชีพผู้เอาประกันภัยต้องระบุค่า EndorsementType  in ('09','23')  , InsuredOccupation  ห้ามเป็นค่าว่าง"
352,BRVMOT06110,BRVMOT06110 กลุ่มข้อผิดพลาดการนำส่งข้อมูลประกันภัยรถยนต์,"รายการสลักหลัง ร.ย.09 , 23 เลขที่บัตรประจำตัวผู้เอาประกันภัยต้องระบุค่า EndorsementType  in ('09','23')  , InsuredCitizenId  ห้ามเป็นค่าว่าง"
353,BRVMOT06120,BRVMOT06120 กลุ่มข้อผิดพลาดการนำส่งข้อมูลประกันภัยรถยนต์,"รายการสลักหลัง ร.ย. 26 , 27 การระบุจำนวนผู้ขับขี่ต้องระบุค่า EndorsementType  in ('26','27')  ,   DriverType ห้ามเป็นค่าว่าง"
354,BRVMOT06130,BRVMOT06130 กลุ่มข้อผิดพลาดการนำส่งข้อมูลประกันภัยรถยนต์,"รายการสลักหลัง ร.ย. 07, 09 , 26 , 28 และระบุจำนวนผู้ขับขี่ = '1' ชื่อ-นามสกุล ผู้ขับขี่คนที่1ต้องระบุค่า  EndorsementType  in ('07,'09','26','28')  ,  DriverName1 ห้ามเป็นค่าว่าง"
355,BRVMOT06140,BRVMOT06140 กลุ่มข้อผิดพลาดการนำส่งข้อมูลประกันภัยรถยนต์,"รายการสลักหลัง ร.ย. 07, 09 , 26 , 28 และระบุจำนวนผู้ขับขี่ = '1' วันเกิดผู้ขับขี่คนที่1ต้องระบุค่า  EndorsementType  in ('07,'09','26','28')  ,   DriverBirthday1 ห้ามเป็นค่าว่าง"
356,BRVMOT06150,BRVMOT06150 กลุ่มข้อผิดพลาดการนำส่งข้อมูลประกันภัยรถยนต์,"รายการสลักหลัง ร.ย. 07, 09 , 26 , 28 และระบุจำนวนผู้ขับขี่ = '1' อายุผู้ขับขี่คนที่1ต้องระบุค่า  EndorsementType  in ('07,'09','26','28')  ,   DriverAge1 ห้ามเป็นค่าว่าง"
357,BRVMOT06160,BRVMOT06160 กลุ่มข้อผิดพลาดการนำส่งข้อมูลประกันภัยรถยนต์,"รายการสลักหลัง ร.ย. 07, 09 , 26 , 28 และระบุจำนวนผู้ขับขี่ = '1' เพศ ผู้ขับขี่คนที่1ต้องระบุค่า EndorsementType  in ('07,'09','26','28')  ,   DriverGender1 ห้ามเป็นค่าว่าง"
358,BRVMOT06170,BRVMOT06170 กลุ่มข้อผิดพลาดการนำส่งข้อมูลประกันภัยรถยนต์,"รายการสลักหลัง ร.ย. 07, 09 , 26 , 28 และระบุจำนวนผู้ขับขี่ = '1' รหัสอาชีพ ผู้ขับขี่คนที่1ต้องระบุค่า  EndorsementType  in ('07,'09','26','28')  ,  DriverOccupation1  ห้ามเป็นค่าว่าง"
359,BRVMOT06180,BRVMOT06180 กลุ่มข้อผิดพลาดการนำส่งข้อมูลประกันภัยรถยนต์,"รายการสลักหลัง ร.ย. 07, 09 , 26 , 28 และระบุจำนวนผู้ขับขี่ = '1' เลขบัตรประชาชน ผู้ขับขี่คนที่1ต้องระบุค่า  EndorsementType  in ('07,'09','26','28')  , DriverCitizenId1  ห้ามเป็นค่าว่าง"
360,BRVMOT06190,BRVMOT06190 กลุ่มข้อผิดพลาดการนำส่งข้อมูลประกันภัยรถยนต์,"เลขใบขับขี่ ผู้ขับขี่คนที่1ต้องระบุค่ารายการสลักหลัง ร.ย. 07, 09 , 26 , 28 และระบุจำนวนผู้ขับขี่ = '1'  EndorsementType  in ('07,'09','26','28')  , DriverLicense1 ห้ามเป็นค่าว่าง"
361,BRVMOT06200,BRVMOT06200 กลุ่มข้อผิดพลาดการนำส่งข้อมูลประกันภัยรถยนต์,"รายการสลักหลัง ร.ย. 07, 09 , 26 , 28 และระบุจำนวนผู้ขับขี่ = '2' ชื่อ-นามสกุล ผู้ขับขี่คนที่2ต้องระบุค่า EndorsementType  in ('07,'09','26','28')  , DriverName2 ห้ามเป็นค่าว่าง"
362,BRVMOT06210,BRVMOT06210 กลุ่มข้อผิดพลาดการนำส่งข้อมูลประกันภัยรถยนต์,"รายการสลักหลัง ร.ย. 07, 09 , 26 , 28 และระบุจำนวนผู้ขับขี่ = '2' วันเกิดผู้ขับขี่คนที่2ต้องระบุค่า  EndorsementType  in ('07,'09','26','28')  ,  DriverBirthday2  ห้ามเป็นค่าว่าง"
363,BRVMOT06220,BRVMOT06220 กลุ่มข้อผิดพลาดการนำส่งข้อมูลประกันภัยรถยนต์,"รายการสลักหลัง ร.ย. 07, 09 , 26 , 28 และระบุจำนวนผู้ขับขี่ = '2' อายุผู้ขับขี่คนที่2ต้องระบุค่า  EndorsementType  in ('07,'09','26','28')  ,   DriverAge2 ห้ามเป็นค่าว่าง"
364,BRVMOT06230,BRVMOT06230 กลุ่มข้อผิดพลาดการนำส่งข้อมูลประกันภัยรถยนต์,"เพศ ผู้ขับขี่คนที่2ต้องระบุค่ารายการสลักหลัง ร.ย. 07, 09 , 26 , 28 และระบุจำนวนผู้ขับขี่ = '2'  EndorsementType  in ('07,'09','26','28')  ,   DriverGender2 ห้ามเป็นค่าว่าง"
365,BRVMOT06240,BRVMOT06240 กลุ่มข้อผิดพลาดการนำส่งข้อมูลประกันภัยรถยนต์,"รายการสลักหลัง ร.ย. 07, 09 , 26 , 28 และระบุจำนวนผู้ขับขี่ = '2' รหัสอาชีพ ผู้ขับขี่คนที่2ต้องระบุค่า  EndorsementType  in ('07,'09','26','28')  ,  DriverOccupation2 ห้ามเป็นค่าว่าง"
366,BRVMOT06250,BRVMOT06250 กลุ่มข้อผิดพลาดการนำส่งข้อมูลประกันภัยรถยนต์,"รายการสลักหลัง ร.ย. 07, 09 , 26 , 28 และระบุจำนวนผู้ขับขี่ = '2' เลขบัตรประชาชน ผู้ขับขี่คนที่2ต้องระบุค่า  EndorsementType  in ('07,'09','26','28')  ,   DriverCitizenId2 ห้ามเป็นค่าว่าง"
367,BRVMOT06260,BRVMOT06260 กลุ่มข้อผิดพลาดการนำส่งข้อมูลประกันภัยรถยนต์,"รายการสลักหลัง ร.ย. 07, 09 , 26 , 28 และระบุจำนวนผู้ขับขี่ = '2' เลขใบขับขี่ ผู้ขับขี่คนที่2ต้องระบุค่า EndorsementType  in ('07,'09','26','28')  ,  DriverLicense2 ห้ามเป็นค่าว่าง"
368,BRVMOT06270,BRVMOT06270 กลุ่มข้อผิดพลาดการนำส่งข้อมูลประกันภัยรถยนต์,"รายการสลักหลัง ร.ย.09 เลขประจำตัวผู้รับประโยชน์คนที่ 1ต้องระบุค่า EndorsementType = '09', BeneficiaryCitizenId1  ห้ามเป็นค่าว่าง"
369,BRVMOT06280,BRVMOT06280 กลุ่มข้อผิดพลาดการนำส่งข้อมูลประกันภัยรถยนต์,"รายการสลักหลัง ร.ย.09 ผู้รับประโยชน์คนที่ 1ต้องระบุค่า EndorsementType = '09', Beneficiary1  ห้ามเป็นค่าว่าง"
370,BRVMOT06290,BRVMOT06290 กลุ่มข้อผิดพลาดการนำส่งข้อมูลประกันภัยรถยนต์,"รายการสลักหลัง ร.ย.09 วันที่เริ่มคุ้มครองต้องระบุค่า EndorsementType = '09', EffectiveDate  ห้ามเป็นค่าว่าง"
371,BRVMOT06300,BRVMOT06300 กลุ่มข้อผิดพลาดการนำส่งข้อมูลประกันภัยรถยนต์,"รายการสลักหลัง ร.ย.09 วันที่สิ้นสุดคุ้มครองต้องระบุค่าEndorsementType = '09', ExpiryDate  ห้ามเป็นค่าว่าง"
372,BRVMOT06310,BRVMOT06310 กลุ่มข้อผิดพลาดการนำส่งข้อมูลประกันภัยรถยนต์,"รายการสลักหลัง ร.ย. 06 , 09 , 17 , 25 เลขทะเบียนรถต้องระบุค่า  EndorsementType  in( '06','09','17','25') , VehicleLicense ห้ามเป็นค่าว่าง"
373,BRVMOT06320,BRVMOT06320 กลุ่มข้อผิดพลาดการนำส่งข้อมูลประกันภัยรถยนต์,"รายการสลักหลัง ร.ย. 06 , 09 , 17 , 25 จังหวัดทะเบียนรถต้องระบุค่า EndorsementType  in( '06','09','17','25') , VehicleLicenseProvince ห้ามเป็นค่าว่าง"
374,BRVMOT06330,BRVMOT06330 กลุ่มข้อผิดพลาดการนำส่งข้อมูลประกันภัยรถยนต์,"รายการสลักหลัง ร.ย. 06 , 09 , 17 , 25 ประเทศต้องระบุค่า EndorsementType  in( '06','09','17','25') , VehicleCountryCode ห้ามเป็นค่าว่าง"
375,BRVMOT06340,BRVMOT06340 กลุ่มข้อผิดพลาดการนำส่งข้อมูลประกันภัยรถยนต์,"รายการสลักหลัง ร.ย. 06 , 09 , 17 , 25 เลขตัวถังรถต้องระบุค่า EndorsementType  in( '06','09','17','25') , VehicleChassis ห้ามเป็นค่าว่าง"
376,BRVMOT06350,BRVMOT06350 กลุ่มข้อผิดพลาดการนำส่งข้อมูลประกันภัยรถยนต์,"รายการสลักหลัง ร.ย. 09 , 17 , 22 , 25 รหัสประเภทรถต้องระบุค่า EndorsementType  in( '09','17','22','25') , VehicleType ห้ามเป็นค่าว่าง"
377,BRVMOT06360,BRVMOT06360 กลุ่มข้อผิดพลาดการนำส่งข้อมูลประกันภัยรถยนต์,"รายการสลักหลัง ร.ย. 09 , 17 , 25 รหัสกลุ่มรถต้องระบุค่า EndorsementType  in( '09','17','25') , VehicleGroup ห้ามเป็นค่าว่าง"
378,BRVMOT06370,BRVMOT06370 กลุ่มข้อผิดพลาดการนำส่งข้อมูลประกันภัยรถยนต์,"รายการสลักหลัง ร.ย. 09 , 17 , 25 ชื่อยี่ห้อรถต้องระบุค่า EndorsementType  in( '09','17','25') , VehicleBrand ห้ามเป็นค่าว่าง"
379,BRVMOT06380,BRVMOT06380 กลุ่มข้อผิดพลาดการนำส่งข้อมูลประกันภัยรถยนต์,"รายการสลักหลัง ร.ย. 09 , 17 , 25 ชื่อรุ่นรถต้องระบุค่า EndorsementType  in( '06','09','17','25') , VehicleModel ห้ามเป็นค่าว่าง"
380,BRVMOT06390,BRVMOT06390 กลุ่มข้อผิดพลาดการนำส่งข้อมูลประกันภัยรถยนต์,"รายการสลักหลัง ร.ย. 09 , 17 , 25 ชื่อรุ่นรถย่อยต้องระบุค่า EndorsementType  in( '06','09','17','25') , VehicleSubModel ห้ามเป็นค่าว่าง"
381,BRVMOT06400,BRVMOT06400 กลุ่มข้อผิดพลาดการนำส่งข้อมูลประกันภัยรถยนต์,"รายการสลักหลัง ร.ย. 09 , 10 , 17 , 25 ปีรถต้องระบุค่า EndorsementType  in( '06','09','17','25') , VehicleYear ห้ามเป็นค่าว่าง"
382,BRVMOT06410,BRVMOT06410 กลุ่มข้อผิดพลาดการนำส่งข้อมูลประกันภัยรถยนต์,"รายการสลักหลัง ร.ย. 09 , 10 , 17 , 25 อายุรถต้องระบุค่า EndorsementType  in( '06','09','17','25') , VehicleAge ห้ามเป็นค่าว่าง"
383,BRVMOT06420,BRVMOT06420 กลุ่มข้อผิดพลาดการนำส่งข้อมูลประกันภัยรถยนต์,"รายการสลักหลัง ร.ย. 09 , 10 , 17 , 25 ขนาดเครื่องยนต์ต้องระบุค่า EndorsementType  in( '06','09','17','25'), VehicleSize ห้ามเป็นค่าว่าง กรณีประเภทรถ 110,120,610,620,720,802"
384,BRVMOT06430,BRVMOT06430 กลุ่มข้อผิดพลาดการนำส่งข้อมูลประกันภัยรถยนต์,"รายการสลักหลัง ร.ย. 09 , 10 , 17 , 25 จำนวนที่นั่งต้องระบุค่า EndorsementType  in( '09','10','17','25') , VehicleSeat ห้ามเป็นค่าว่าง กรณีประเภทรถ 210,220,230"
385,BRVMOT06440,BRVMOT06440 กลุ่มข้อผิดพลาดการนำส่งข้อมูลประกันภัยรถยนต์,"รายการสลักหลัง ร.ย. 09 , 10 , 17 , 25 น้ำหนักบรรทุกต้องระบุค่า EndorsementType  in( '09','10','17','25') , VehicleWeight ห้ามเป็นค่าว่าง กรณีประเภทรถ 310,320,340,420,520,540,803,804,805"
386,BRVMOT06450,BRVMOT06450 กลุ่มข้อผิดพลาดการนำส่งข้อมูลประกันภัยรถยนต์,"รายการสลักหลัง ร.ย. 09 , 10 , 17 , 25 อุปกรณ์เพิ่มเติม(มี/ไม่มี)ต้องระบุค่า EndorsementType  in( ''09','10','17') , OptionFlag ห้ามเป็นค่าว่าง กรณีประเภทรถ 320,340"
387,BRVMOT06460,BRVMOT06460 กลุ่มข้อผิดพลาดการนำส่งข้อมูลประกันภัยรถยนต์,"รายการสลักหลัง ร.ย. 06 , 08 , 09 , 12 , 20 , 25 จำนวนเงินเอาประกันภัย OD ต้องระบุค่า EndorsementType  in( '06','09','17','25') , ODSIAmt ห้ามเป็นค่าว่าง"
388,BRVMOT06470,BRVMOT06470 กลุ่มข้อผิดพลาดการนำส่งข้อมูลประกันภัยรถยนต์,"รายการสลักหลัง ร.ย. 06 , 08 , 09 , 12 , 20 , 25 จำนวนเงินเอาประกันภัย Fireต้องระบุค่า EndorsementType  in( '06','08','09','12','20','25') , FireSIAmt ห้ามเป็นค่าว่าง"
389,BRVMOT06480,BRVMOT06480 กลุ่มข้อผิดพลาดการนำส่งข้อมูลประกันภัยรถยนต์,"รายการสลักหลัง ร.ย. 06 , 08 , 09 , 12 , 20 , 25 จำนวนเงินเอาประกันภัย Theftต้องระบุค่า EndorsementType  in( '06','08','09','12','20','25') , TheftSIAmt ห้ามเป็นค่าว่าง"
390,BRVMOT06490,BRVMOT06490 กลุ่มข้อผิดพลาดการนำส่งข้อมูลประกันภัยรถยนต์,"รายการสลักหลัง ร.ย. 06 , 08 , 09 , 12 , 20 , 25 จำนวนเงินจำกัดความรับผิด TPPD ต่อครั้งต้องระบุค่า EndorsementType  in( '06','09','17','25') , TPPDSIAmt ห้ามเป็นค่าว่าง"
391,BRVMOT06500,BRVMOT06500 กลุ่มข้อผิดพลาดการนำส่งข้อมูลประกันภัยรถยนต์,"รายการสลักหลัง ร.ย. 06 , 08 , 09 , 12 , 20 , 25 จำนวนเงินจำกัดความรับผิด TPBI ต่อคนต้องระบุค่า EndorsementType  in( '06','08','09','12','20','25') , TPBISIPersonAmt ห้ามเป็นค่าว่าง"
392,BRVMOT06510,BRVMOT06510 กลุ่มข้อผิดพลาดการนำส่งข้อมูลประกันภัยรถยนต์,"รายการสลักหลัง ร.ย. 06 , 08 , 09 , 12 , 20 , 25 จำนวนเงินจำกัดความรับผิด TPBI ต่อครั้งต้องระบุค่า EndorsementType  in( '06','08','09','12','20','25') , TPBISIEventAmt ห้ามเป็นค่าว่าง"
393,BRVMOT06520,BRVMOT06520 กลุ่มข้อผิดพลาดการนำส่งข้อมูลประกันภัยรถยนต์,"รายการสลักหลัง ร.ย. 06 , 08 , 09 , 12 , 18 , 20 , 22 , 25 เบี้ยประกันภัยพื้นฐานต้องระบุค่า EndorsementType  in( '06','08','09','12','18','20','22','25') , BasePremium ห้ามเป็นค่าว่าง"
394,BRVMOT06530,BRVMOT06530 กลุ่มข้อผิดพลาดการนำส่งข้อมูลประกันภัยรถยนต์,"รายการสลักหลัง ร.ย. 05 -10 , 12 , 17-20 , 22, 25-29 เบี้ยประกันภัยสุทธิหลักต้องระบุค่า EndorsementType  in( 05 -10 , 12 , 17-20 , 22, 25-29 ) , CoveragePrem ห้ามเป็นค่าว่าง"
395,BRVMOT06540,BRVMOT06540 กลุ่มข้อผิดพลาดการนำส่งข้อมูลประกันภัยรถยนต์,"รายการสลักหลัง ร.ย.01 , 20 จำนวนเงินคุ้มครองตาม ร.ย. 01 ต่อผู้ขับขี่ กรณี บาดเจ็บ สูญเสียอวัยวะ ทุพพลภาพถาวรต้องระบุค่ EndorsementType in( '01','20'), EX01DriverSIPermanent ห้ามเป็นค่าว่าง"
396,BRVMOT06550,BRVMOT06550 กลุ่มข้อผิดพลาดการนำส่งข้อมูลประกันภัยรถยนต์,"รายการสลักหลัง ร.ย.01 , 20 จำนวนเงินคุ้มครองตาม ร.ย. 01 ต่อผู้โดยสาร 1 คนกรณี บาดเจ็บ สูญเสียอวัยวะ ทุพพลภาพถาวรต้องระบุค่า EndorsementType  in( '06','09','17','25') , EX01PassengerSIPermanent ห้ามเป็นค่าว่าง"
397,BRVMOT06560,BRVMOT06560 กลุ่มข้อผิดพลาดการนำส่งข้อมูลประกันภัยรถยนต์,"รายการสลักหลัง ร.ย.01 , 20จำนวนผู้โดยสารตาม ร.ย.01 กรณีบาดเจ็บ สูญเสียอวัยวะ ทุพพลภาพถาวรต้องระบุค่า EndorsementType  in( '01,'20') , EX01PassengerNumPermanent ห้ามเป็นค่าว่าง"
398,BRVMOT06570,BRVMOT06570 กลุ่มข้อผิดพลาดการนำส่งข้อมูลประกันภัยรถยนต์,"รายการสลักหลัง ร.ย.01 , 19 , 20 เบี้ยประกันสุทธิ รย.01 ไม่รวมทุพพลภาพชั่วคราวต้องระบุค่า EndorsementType  in( '01,'20') ,, EX01PermanentPremium ห้ามเป็นค่าว่าง"
399,BRVMOT06580,BRVMOT06580 กลุ่มข้อผิดพลาดการนำส่งข้อมูลประกันภัยรถยนต์,"รายการสลักหลัง ร.ย.01 , 20 เงินทดแทนต่อสัปดาห์กรณี ทุพพลภาพชั่วคราวต่อผู้ขับขี่ต้องระบุค่า EndorsementType  in( '01','20') , EX01TemporaryPremium ห้ามเป็นค่าว่าง"
400,BRVMOT06590,BRVMOT06590 กลุ่มข้อผิดพลาดการนำส่งข้อมูลประกันภัยรถยนต์,"รายการสลักหลัง ร.ย.01 , 20 เงินทดแทนต่อสัปดาห์กรณี ทุพพลภาพชั่วคราวต่อผู้โดยสาร 1 คนต้องระบุค่า EndorsementType  in ('01','20') , EX01CompensateDriver ห้ามเป็นค่าว่าง"
401,BRVMOT06600,BRVMOT06600 กลุ่มข้อผิดพลาดการนำส่งข้อมูลประกันภัยรถยนต์,"รายการสลักหลัง ร.ย.01 , 20 จำนวนผู้โดยสารตาม ร.ย.01 กรณีทุพพลภาพชั่วคราวต้องระบุค่า EndorsementType  in( '01','20') , EX01CompensatePassenger ห้ามเป็นค่าว่าง"
402,BRVMOT06610,BRVMOT06610 กลุ่มข้อผิดพลาดการนำส่งข้อมูลประกันภัยรถยนต์,"รายการสลักหลัง ร.ย.01 , 05 , 19 , 20 เบี้ยประกันสุทธิ รย.01 กรณีทุพพลภาพชั่วคราวต้องระบุค่าEndorsementType  in( '01','20') ,  EX01PassengerNumTemporary ห้ามเป็นค่าว่าง"
403,BRVMOT06620,BRVMOT06620 กลุ่มข้อผิดพลาดการนำส่งข้อมูลประกันภัยรถยนต์,"รายการสลักหลัง ร.ย.02 , 20 จำนวนเงินคุ้มครองตาม ร.ย. 02 ต่อคนต้องระบุค่า  EndorsementType  in( '02,'20') , EX02SIAmt ห้ามเป็นค่าว่าง"
404,BRVMOT06630,BRVMOT06630 กลุ่มข้อผิดพลาดการนำส่งข้อมูลประกันภัยรถยนต์,"รายการสลักหลัง ร.ย.02 , 20 จำนวนคนที่ได้รับความคุ้มครองตาม ร.ย. 02ต้องระบุค่า EndorsementType  in( '02','20') , EX02Premium ห้ามเป็นค่าว่าง"
405,BRVMOT06640,BRVMOT06640 กลุ่มข้อผิดพลาดการนำส่งข้อมูลประกันภัยรถยนต์,"รายการสลักหลัง ร.ย.02 , 05 , 19 , 20 เบี้ยประกันภัยสุทธิ ตาม ร.ย. 02 ต้องระบุค่า  EndorsementType  in( '06','09','17','25') , XXX ห้ามเป็นค่าว่าง"
406,BRVMOT06650,BRVMOT06650 กลุ่มข้อผิดพลาดการนำส่งข้อมูลประกันภัยรถยนต์,"รายการสลักหลัง ร.ย.02 , 20 จำนวนเงินคุ้มครองการประกันตัวผู้ขับขี่ตาม ร.ย. 03ต้องระบุค่า EndorsementType  in( '02','20') , EX03SIAmt ห้ามเป็นค่าว่าง"
407,BRVMOT06660,BRVMOT06660 กลุ่มข้อผิดพลาดการนำส่งข้อมูลประกันภัยรถยนต์,"รายการสลักหลัง ร.ย.03 , 05 , 19 20 เบี้ยประกันสุทธิ ตาม ร.ย. 03  ต้องระบุค่า EndorsementType  in( '03','05','19','20') , EX03Premium ห้ามเป็นค่าว่าง"
408,BRVMOT06670,BRVMOT06670 กลุ่มข้อผิดพลาดการนำส่งข้อมูลประกันภัยรถยนต์,"รายการสลักหลัง ร.ย.01 , 20 รหัสประเทศที่ขยายอาณาเขตตาม  ร.ย.04 ต้องระบุค่า EndorsementType  in( '04’) , EX04TerritoryCountry ห้ามเป็นค่าว่าง"
409,BRVMOT06680,BRVMOT06680 กลุ่มข้อผิดพลาดการนำส่งข้อมูลประกันภัยรถยนต์,"รายการสลักหลัง ร.ย.04 , 05 , 19 เบี้ยประกันภัยตาม ร.ย. 04 ต้องระบุค่า EndorsementType  in( '04','05','19') , EX04PremiumAmt ห้ามเป็นค่าว่าง"
410,BRVMOT06690,BRVMOT06690 กลุ่มข้อผิดพลาดการนำส่งข้อมูลประกันภัยรถยนต์,"รายการสลักหลัง ร.ย.15 , 21 ค่าเสียหายส่วนแรกตาม OD ต้องระบุค่า EndorsementType  in( '15,'21') , ODDeductibleAmt ห้ามเป็นค่าว่าง"
411,BRVMOT06700,BRVMOT06700 กลุ่มข้อผิดพลาดการนำส่งข้อมูลประกันภัยรถยนต์,"รายการสลักหลัง ร.ย.15 , 21 ส่วนลดเบี้ยค่าเสียหายส่วนแรกตาม OD ต้องระบุค่า EndorsementType  in( '15,'21') , ODDeductibleDiscountAmt ห้ามเป็นค่าว่าง"
412,BRVMOT06710,BRVMOT06710 กลุ่มข้อผิดพลาดการนำส่งข้อมูลประกันภัยรถยนต์,"รายการสลักหลัง ร.ย.15 , 21 เงินค่าเสียหายส่วนแรกตาม TPPDต้องระบุค่า EndorsementType  in( '15','21') , TPPDDeductibleAmt ห้ามเป็นค่าว่าง"
413,BRVMOT06720,BRVMOT06720 กลุ่มข้อผิดพลาดการนำส่งข้อมูลประกันภัยรถยนต์,"รายการสลักหลัง ร.ย.15 , 21 ส่วนลดค่าเสียหายส่วนแรกตาม TPPD  ต้องระบุค่า EndorsementType  in( '15','21') , TPPDDeductibleDiscountAmt ห้ามเป็นค่าว่าง"
414,BRVMOT06730,BRVMOT06730 กลุ่มข้อผิดพลาดการนำส่งข้อมูลประกันภัยรถยนต์,"รายการสลักหลัง ร.ย.09 % ส่วนลดประกันภัยกลุ่มต้องระบุค่า  EndorsementType  = '09' , DiscountFleetRate ห้ามเป็นค่าว่าง"
415,BRVMOT06740,BRVMOT06740 กลุ่มข้อผิดพลาดการนำส่งข้อมูลประกันภัยรถยนต์,"รายการสลักหลัง ร.ย.05-10 , 12 , 14-23 , 25-28 ส่วนลดประกันภัยกลุ่มต้องระบุค่า EndorsementType  in( 05-10 , 12 , 14-23 , 25-28) , DiscountFleetAmt ห้ามเป็นค่าว่าง"
416,BRVMOT06750,BRVMOT06750 กลุ่มข้อผิดพลาดการนำส่งข้อมูลประกันภัยรถยนต์,"รายการสลักหลัง ร.ย.09 รหัสของประวัติต้องระบุค่า EndorsementType  in( '09') , HistoryCode ห้ามเป็นค่าว่าง"
417,BRVMOT06760,BRVMOT06760 กลุ่มข้อผิดพลาดการนำส่งข้อมูลประกันภัยรถยนต์,"รายการสลักหลัง ร.ย.09 , 13 ขั้นส่วนลด/เพิ่มประวัติต้องระบุค่า EndorsementType  in('09','13') , NCBOrMalusRate ห้ามเป็นค่าว่าง"
418,BRVMOT06770,BRVMOT06770 กลุ่มข้อผิดพลาดการนำส่งข้อมูลประกันภัยรถยนต์,"รายการสลักหลัง ร.ย.09 , 13 %ส่วนลด/เพิ่มประวัติต้องระบุค่า EndorsementType  in( '09','13') , HistoryStep ห้ามเป็นค่าว่าง"
419,BRVMOT06780,BRVMOT06780 กลุ่มข้อผิดพลาดการนำส่งข้อมูลประกันภัยรถยนต์,"รายการสลักหลัง ร.ย.05-10 , 12-23 , 25-28 ส่วนลด/เพิ่มประวัติต้องระบุค่า EndorsementType  in( 05-10 , 12-23 , 25-28) , NCBOrMalusAmt ห้ามเป็นค่าว่าง"
420,BRVMOT06790,BRVMOT06790 กลุ่มข้อผิดพลาดการนำส่งข้อมูลประกันภัยรถยนต์,"รายการสลักหลัง ร.ย.09, 13 ส่วนลดประวัติประกันภัยกลุ่มต้องระบุค่า EndorsementType  in( '09','13') , NCBFleetAmt ห้ามเป็นค่าว่าง"
421,BRVMOT06800,BRVMOT06800 กลุ่มข้อผิดพลาดการนำส่งข้อมูลประกันภัยรถยนต์,"รายการสลักหลัง ร.ย.09 อัตราส่วนลดอื่นๆต้องระบุค่า EndorsementType  in( '09') , OtherDiscountRate ห้ามเป็นค่าว่าง"
422,BRVMOT06810,BRVMOT06810 กลุ่มข้อผิดพลาดการนำส่งข้อมูลประกันภัยรถยนต์,"รายการสลักหลัง ร.ย.05-12 , 15-22 , 25-28 ส่วนลดอื่นๆต้องระบุค่า EndorsementType  in( 05-12 , 15-22 , 25-28) , OtherDiscountAmt ห้ามเป็นค่าว่าง"
423,BRVMOT06820,BRVMOT06820 กลุ่มข้อผิดพลาดการนำส่งข้อมูลประกันภัยรถยนต์,"รายการสลักหลัง ร.ย.09 , 11 จำนวนเบี้ยประกันภัยสุทธิต้องระบุค่า EndorsementType  in( '06','09','17','25') , XXX ห้ามเป็นค่าว่าง"
424,BRVMOT07500,BRVMOT07500 กลุ่มข้อผิดพลาดการนำส่งข้อมูลประกันภัยรถยนต์,รายการกรมธรรม์ไม่ผ่านการตรวจสอบ เนื่องจากรายการความคุ้มครองพิเศษพบข้อผิดพลาด ต้องแก้ไขรายการความคุ้มครองพิเศษให้ถูกต้อง
425,BRVMOT07600,BRVMOT07600 กลุ่มข้อผิดพลาดการนำส่งข้อมูลประกันภัยรถยนต์,รายการความคุ้มครองพิเศษไม่ผ่านการตรวจสอบ เนื่องจากรายการกรมธรรม์พบข้อผิดพลาด ต้องแก้ไขรายการกรมธรรม์ให้ถูกต้อง
426,BRVMOT07700,BRVMOT07700 กลุ่มข้อผิดพลาดการนำส่งข้อมูลประกันภัยรถยนต์,รายการสลักหลังไม่ผ่านการตรวจสอบ เนื่องจากรายการความคุ้มครองพบข้อผิดพลาด ต้องแก้ไขรายการความคุ้มครองพิเศษให้ถูกต้อง
427,BRVMOT07800,BRVMOT07800 กลุ่มข้อผิดพลาดการนำส่งข้อมูลประกันภัยรถยนต์,รายการสลักหลังความคุ้มครองไม่ผ่านการตรวจสอบ เนื่องจากรายการสลักหลังพบข้อผิดพลาด ต้องแก้ไขรายการสลักหลังให้ถูกต้อง
428,BRVMOT07900,BRVMOT07900 กลุ่มข้อผิดพลาดการนำส่งข้อมูลประกันภัยรถยนต์,รายการสินไหมไม่ผ่านการตรวจสอบ เนื่องจากรายการ OD & FT พบข้อผิดพลาด ต้องแก้ไขรายการสินไหม OD & FT  ให้ถูกต้อง
429,BRVMOT08000,BRVMOT08000 กลุ่มข้อผิดพลาดการนำส่งข้อมูลประกันภัยรถยนต์,รายการสินไหมไม่ผ่านการตรวจสอบ เนื่องจากรายการ TPPBI พบข้อผิดพลาด  ต้องแก้ไขรายการสินไหม TPBI  ให้ถูกต้อง
430,BRVMOT08100,BRVMOT08100 กลุ่มข้อผิดพลาดการนำส่งข้อมูลประกันภัยรถยนต์,รายการสินไหมไม่ผ่านการตรวจสอบ เนื่องจากรายการ TPPD พบข้อผิดพลาด ต้องแก้ไขรายการสินไหม TPPD  ให้ถูกต้อง
431,BRVMOT08200,BRVMOT08200 กลุ่มข้อผิดพลาดการนำส่งข้อมูลประกันภัยรถยนต์,รายการสินไหมไม่ผ่านการตรวจสอบ เนื่องจากรายการความคุ้มครองเพิ่มเติม (ร.ย.) พบข้อผิดพลาด  ต้องแก้ไขรายการสินไหมความคุ้มครองเพิ่มเติมให้ถูกต้อง
432,BRVMOT08300,BRVMOT08300 กลุ่มข้อผิดพลาดการนำส่งข้อมูลประกันภัยรถยนต์,รายการสินไหมไม่ผ่านการตรวจสอบ เนื่องจากรายการความคุ้มครองพิเศษพบข้อผิดพลาด  ต้องแก้ไขรายการสินไหมความคุ้มครองพิเศษให้ถูกต้อง
433,BRVMOT08400,BRVMOT08400 กลุ่มข้อผิดพลาดการนำส่งข้อมูลประกันภัยรถยนต์,รายการสินไหม OD & FT ไม่ผ่านการตรวจสอบเนื่องจากรายการสินไหมพบข้อผิดพลาด  ต้องแก้ไขรายการสินไหมให้ถูกต้อง
434,BRVMOT08500,BRVMOT08500 กลุ่มข้อผิดพลาดการนำส่งข้อมูลประกันภัยรถยนต์,รายการสินไหม TPBI ไม่ผ่านการตรวจสอบเนื่องจากรายการสินไหมพบข้อผิดพลาด ต้องแก้ไขรายการสินไหมให้ถูกต้อง
435,BRVMOT08600,BRVMOT08600 กลุ่มข้อผิดพลาดการนำส่งข้อมูลประกันภัยรถยนต์,รายการสินไหม TPPD ไม่ผ่านการตรวจสอบเนื่องจากรายการสินไหมพบข้อผิดพลาด ต้องแก้ไขรายการสินไหมให้ถูกต้อง
436,BRVMOT08700,BRVMOT08700 กลุ่มข้อผิดพลาดการนำส่งข้อมูลประกันภัยรถยนต์,รายการสินไหมความคุ้มครองเพิ่มเติมไม่ผ่านการตรวจสอบเนื่องจากรายการสินไหมพบข้อผิดพลาด ต้องแก้ไขรายการสินไหมให้ถูกต้อง
437,BRVMOT08800,BRVMOT08800 กลุ่มข้อผิดพลาดการนำส่งข้อมูลประกันภัยรถยนต์,รายการสินไหมความคุ้มครองพิเศษไม่ผ่านการตรวจสอบเนื่องจากรายการสินไหมพบข้อผิดพลาด ต้องแก้ไขรายการสินไหมให้ถูกต้อง
438,BRVMOT09000,BRVMOT09000 กลุ่มข้อผิดพลาดการนำส่งข้อมูลประกันภัยรถยนต์,รหัสจังหวัดรถคู่กรณีไม่พบข้อมูลในตารางอ้างอิง ต้องตรวจสอบกับข้อมูลอ้างอิง
439,BRVMOT09100,BRVMOT09100 กลุ่มข้อผิดพลาดการนำส่งข้อมูลประกันภัยรถยนต์,รหัสประเทศถคู่กรณีไม่พบข้อมูลในตารางอ้างอิง ต้องตรวจสอบกับข้อมูลอ้างอิง
440,BRVMOT09510,BRVMOT09510 กลุ่มข้อผิดพลาดการนำส่งข้อมูลประกันภัยรถยนต์,รายการสลักหลังไม่ผ่านการตรวจสอบ เนื่องจากรายการกรมธรรม์พบข้อผิดพลาด ต้องแก้ไขรายการกรมธรรม์ให้ถูกต้อง
441,BRVMOT09520,BRVMOT09520 กลุ่มข้อผิดพลาดการนำส่งข้อมูลประกันภัยรถยนต์,รายการรับ / คืน เบี้ยไม่ผ่านการตรวจสอบ เนื่องจากรายการกรมธรรม์พบข้อผิดพลาด ต้องแก้ไขรายการกรมธรรม์ให้ถูกต้อง
442,BRVMOT09530,BRVMOT09530 กลุ่มข้อผิดพลาดการนำส่งข้อมูลประกันภัยรถยนต์,รายการสินไหมทดแทนไม่ผ่านการตรวจสอบ เนื่องจากรายการกรมธรรม์พบข้อผิดพลาด ต้องแก้ไขรายการกรมธรรม์ให้ถูกต้อง
443,BRVMOT09540,BRVMOT09540 กลุ่มข้อผิดพลาดการนำส่งข้อมูลประกันภัยรถยนต์,รายการสินไหมทดแทนรับคืนไม่ผ่านการตรวจสอบ เนื่องจากรายสินไหมทดแทนพบข้อผิดพลาด ต้องแก้ไขรายการสินไหมทดแทนให้ถูกต้อง
444,BRVMOT09550,BRVMOT09550 กลุ่มข้อผิดพลาดการนำส่งข้อมูลประกันภัยรถยนต์,รายการจ่ายสินไหมไม่ผ่านการตรวจสอบ เนื่องจากรายสินไหมทดแทนพบข้อผิดพลาด  ต้องแก้ไขรายการสินไหมทดแทนให้ถูกต้อง
445,BRVMOT09560,BRVMOT09560 กลุ่มข้อผิดพลาดการนำส่งข้อมูลประกันภัยรถยนต์,รายการผู้ประสบภัยไม่ผ่านการตรวจสอบเนื่องจากรายการสินไหมทดแทนพบข้อผิดพลาดต้องแก้ไขรายการสินไหมทดแทนให้ถูกต้อง
